OBJECTID,CUSTOMER_I,POSTAL_ARE,FULL_POSTA,REC_TYPE,GEO_LEVEL,NT_CITY,COUNTY,STATE,DISPLAY_LI,ROUTING_LI,DISPLAY_LA,DISPLAY_LO,ROUTING_LA,ROUTING_LO,HOUSE_NUMB,BUILDING_N,STREET_NAM,TMO_STREET,HDB,NEAR_FID,NEAR_DIST,NEAR_X,NEAR_Y,is_outlier,Longitude,Latitude,Distance to Nearest POI (m),Distance to Nearest Street (m),Number of POIs within 500m,Distance to Area Centroid (m),z_score_outlier,iqr_outlier,dbscan_outlier,lof_outlier,cluster,Anomaly Score (%),Confidence in Classification,POI Classification,Reasons for Classification
76403,177940.0,,408576.0,S,8.0,SINGAPORE,SINGAPORE,,940042376.0,940042376.0,1.32701,103.89448,1.32681,103.89452,17,TRIPLE ELECTRONIC,UBI CRES,UBI CRES,N,844,0.001326,103.8934,1.3261,True,103.89452,1.32681,0.003902,0.000354,2999,0.047479,False,True,False,True,0,45.00%,Medium,INCORRECT,Isolated from other POIs
1044,178424.0,,619034.0,S,8.0,SINGAPORE,SINGAPORE,,116130763.0,116130763.0,1.32737,103.7117,1.3278,103.71165,17,PEX INTERNATIONAL,LINK RD,LINK RD,N,211,0.001963,103.7134,1.32691,True,103.71165,1.3278,0.003968,0.00313,2999,0.137304,True,True,False,False,4,60.00%,Medium,INCORRECT,Far from streets; Isolated from other POIs
74732,236833.0,,788099.0,S,8.0,SINGAPORE,SINGAPORE,,939885958.0,939885958.0,1.39829,103.82527,1.39834,103.82527,5,SPRINGLEAF GARDEN,SPRINGLEAF HTS,SPRINGLEAF HTS,N,1403,0.001086,103.8244,1.39769,True,103.82527,1.39834,0.00012,0.002977,2999,0.064108,True,True,False,False,10,60.00%,Medium,INCORRECT,Far from streets
96351,235152.0,,689479.0,S,9.0,SINGAPORE,SINGAPORE,,717891968.0,718221231.0,1.37601,103.7353,1.37601,103.7353,339,,CHOA CHU KANG AVE 3,CHOA CHU KANG AVE 3,N,-1,-1.0,-1.0,-1.0,True,103.7353,1.37601,0.002906,0.000591,2999,0.119248,False,True,False,True,8,45.00%,Medium,INCORRECT,Normal spatial pattern
56363,174354.0,,639490.0,S,8.0,SINGAPORE,SINGAPORE,,905381641.0,905381641.0,1.321,103.65869,1.32072,103.65903,5,FOUNDATION ASSOCIATES ENGINEERING,TUAS AVE 1,TUAS AVE 1,N,371,0.004124,103.6553,1.31896,True,103.65903,1.32072,0.001791,0.001559,2999,0.19034,True,True,False,False,14,45.00%,Medium,INCORRECT,Normal spatial pattern
37939,193325.0,,640903.0,S,8.0,SINGAPORE,SINGAPORE,,718163398.0,718163398.0,1.33974,103.68603,1.3397,103.68633,903,,JURONG WEST ST 91,JURONG WEST ST 91,Y,881,0.000751,103.68708,1.33974,True,103.68633,1.3397,0.004532,0.000292,2999,0.162202,True,True,False,False,4,45.00%,Medium,INCORRECT,Isolated from other POIs
40811,250054.0,,768271.0,S,8.0,SINGAPORE,SINGAPORE,,762719842.0,762719843.0,1.41726,103.8473,1.41726,103.8473,170,SHAUGHNESSY,MILTONIA CLOS,MILTONIA CLOS,N,-1,-1.0,-1.0,-1.0,True,103.8473,1.41726,3e-05,0.003519,2999,0.078669,True,True,False,False,18,60.00%,Medium,INCORRECT,Far from streets
54353,139603.0,,637836.0,S,8.0,SINGAPORE,SINGAPORE,,901417286.0,901417286.0,1.2933,103.62384,1.29336,103.62386,50,LEONG SIEW WENG ENGINEERING,TUAS SOUTH ST 5,TUAS SOUTH ST 5,N,4381,0.006997,103.6293,1.29776,True,103.62386,1.29336,8.5e-05,0.000636,2999,0.229178,True,True,True,False,-1,75.00%,High,INCORRECT,Spatial clustering outlier
108559,247864.0,,730545.0,S,9.0,SINGAPORE,SINGAPORE,,914305459.0,718050881.0,1.42926,103.79356,1.42887,103.79381,545,,WOODLANDS DR 16,WOODLANDS DR 16,Y,1030,0.00145,103.7938,1.42742,True,103.79381,1.42887,0.004082,0.000211,2999,0.105559,False,True,True,False,-1,50.00%,Medium,INCORRECT,Isolated from other POIs; Spatial clustering outlier
83408,238623.0,,797698.0,S,8.0,SINGAPORE,SINGAPORE,,990722311.0,990722311.0,1.39221,103.87591,1.39221,103.87579,10,FERNVALE-LRT,FERNVALE RD,FERNVALE RD,N,5819,0.00411,103.8799,1.39216,True,103.87579,1.39221,0.003625,0.00065,2999,0.060143,False,True,False,True,5,45.00%,Medium,INCORRECT,Isolated from other POIs
40842,249576.0,,768302.0,S,8.0,SINGAPORE,SINGAPORE,,762719842.0,762719842.0,1.41719,103.84656,1.41814,103.84705,232,THE SHAUGHNESSY,MILTONIA CLOS,MILTONIA CLOS,N,497,7.1e-05,103.847,1.41809,True,103.84705,1.41814,0.000397,0.002712,2999,0.079554,True,True,False,False,18,60.00%,Medium,INCORRECT,Far from streets
104904,170885.0,,599556.0,S,9.0,SINGAPORE,SINGAPORE,,895606058.0,895605709.0,1.32307,103.77339,1.32293,103.77359,42,CLEMENTI GREEN,CLEMENTI CRES,CLEMENTI CRES,N,796,0.001036,103.7737,1.32396,True,103.77359,1.32293,0.004194,0.000389,2999,0.076559,False,True,False,True,0,45.00%,Medium,INCORRECT,Isolated from other POIs
52615,135539.0,,637769.0,S,8.0,SINGAPORE,SINGAPORE,,897330045.0,897330045.0,1.30149,103.62899,1.30127,103.6287,44,HS (2ND LINK) INDUSTRIAL BUILDING,TUAS VIEW SQ,TUAS VIEW SQ,N,2270,0.001374,103.6282,1.29999,True,103.6287,1.30127,0.00199,6.3e-05,2999,0.222975,True,True,False,False,19,45.00%,Medium,INCORRECT,Normal spatial pattern
96694,217711.0,,650360.0,S,9.0,SINGAPORE,SINGAPORE,,718223342.0,718223338.0,1.36108,103.7506,1.36089,103.75069,360,,BUKIT BATOK ST 31,BUKIT BATOK ST 31,Y,5747,0.001374,103.7516,1.35986,True,103.75069,1.36089,0.002134,0.000641,2999,0.100345,False,False,True,True,-1,55.00%,Medium,INCORRECT,Spatial clustering outlier
116299,237053.0,,820642.0,S,9.0,SINGAPORE,SINGAPORE,,940004136.0,916030567.0,1.39872,103.91636,1.39836,103.91688,642,MULTI STOREY CAR PARK,PUNGGOL DR,PUNGGOL DR,Y,164,0.004216,103.9145,1.39488,True,103.91688,1.39836,5.8e-05,0.000496,2999,0.090792,False,False,True,True,-1,55.00%,Medium,INCORRECT,Spatial clustering outlier
64689,194761.0,,368053.0,S,8.0,SINGAPORE,SINGAPORE,,924779116.0,924779116.0,1.341,103.87991,1.34075,103.88008,28,,MOUNT VERNON RD,MOUNT VERNON RD,N,5087,0.000362,103.8798,1.34052,True,103.88008,1.34075,0.003091,0.001325,2999,0.031625,False,True,False,True,0,45.00%,Medium,INCORRECT,Normal spatial pattern
113235,246891.0,,738688.0,S,9.0,SINGAPORE,SINGAPORE,,931050296.0,931050296.0,1.4254,103.7604,1.42483,103.7607,961,,WOODLANDS RD,WOODLANDS RD,N,-1,-1.0,-1.0,-1.0,True,103.7607,1.42483,0.007349,0.000292,2999,0.123083,True,True,True,False,-1,95.00%,Very High,INCORRECT,Isolated from other POIs; Spatial clustering outlier
103844,199431.0,,598298.0,S,9.0,SINGAPORE,SINGAPORE,,883731727.0,883731727.0,1.33482,103.7789,1.33485,103.77862,17A,KING ALBERT PARK,KING ALBERT PARK,KING ALBERT PARK,N,4356,0.001771,103.7798,1.33353,True,103.77862,1.33485,0.002884,0.00103,2999,0.070009,False,True,False,True,0,45.00%,Medium,INCORRECT,Normal spatial pattern
857,228563.0,,537233.0,S,8.0,SINGAPORE,SINGAPORE,,116130235.0,116130235.0,1.36434,103.90759,1.3644,103.90747,1,,JALAN TERAP,JALAN TERAP,N,1078,0.000133,103.9075,1.36453,True,103.90747,1.3644,0.008606,0.001946,2999,0.064341,True,True,True,True,-1,120.00%,Very High,INCORRECT,Far from streets; Isolated from other POIs; Spatial clustering outlier
805,200560.0,,589333.0,S,7.0,SINGAPORE,SINGAPORE,,985548967.0,983047348.0,1.34806,103.7763,1.3474,103.7762,177,,HINDHEDE DR,HINDHEDE DR,N,-1,-1.0,-1.0,-1.0,True,103.7762,1.3474,0.004135,0.000493,2999,0.072862,False,True,False,True,0,45.00%,Medium,INCORRECT,Isolated from other POIs
85165,172245.0,,639087.0,S,9.0,SINGAPORE,SINGAPORE,,116132063.0,116132063.0,1.32355,103.6434,1.32355,103.6434,24,,TUAS AVE 11,TUAS AVE 11,N,-1,-1.0,-1.0,-1.0,True,103.6434,1.32355,0.002808,0.004508,2999,0.20568,True,True,False,False,25,60.00%,Medium,INCORRECT,Far from streets
40293,124870.0,,109919.0,S,8.0,SINGAPORE,SINGAPORE,,761885653.0,761885653.0,1.2666,103.80939,1.26684,103.80909,20,,BUKIT CHERMIN RD,BUKIT CHERMIN RD,N,1429,0.006338,103.8147,1.26979,True,103.80909,1.26684,0.005139,0.001155,2999,0.081883,True,True,True,False,-1,95.00%,Very High,INCORRECT,Isolated from other POIs; Spatial clustering outlier
105342,139679.0,,129956.0,S,9.0,SINGAPORE,SINGAPORE,,897723693.0,870303512.0,1.3081,103.76982,1.30782,103.76984,41,NAN HUA HIGH SCHOOL,CLEMENTI AVE 1,CLEMENTI AVE 1,N,4107,0.001288,103.7688,1.30706,True,103.76984,1.30782,0.00565,0.000602,2999,0.084494,True,True,False,False,7,65.00%,High,INCORRECT,Isolated from other POIs
68657,239799.0,,698974.0,S,8.0,SINGAPORE,SINGAPORE,,930645275.0,930645275.0,1.39391,103.72766,1.39392,103.72761,18,,SUNGEI TENGAH RD,SUNGEI TENGAH RD,N,5249,0.000488,103.7277,1.3944,True,103.72761,1.39392,0.005906,0.004293,2999,0.132972,True,True,True,True,-1,135.00%,Very High,INCORRECT,Far from streets; Isolated from other POIs; Spatial clustering outlier
633,245382.0,,732002.0,S,7.0,SINGAPORE,SINGAPORE,,917218859.0,917218852.0,1.44029,103.77643,1.44054,103.77633,2A,,MARSILING DR,MARSILING DR,Y,5610,0.002516,103.7788,1.44102,True,103.77633,1.44054,0.002766,7.8e-05,2999,0.124917,False,True,True,True,-1,75.00%,High,INCORRECT,Spatial clustering outlier
40920,249593.0,,768380.0,S,8.0,SINGAPORE,SINGAPORE,,762719842.0,762719843.0,1.41722,103.8474,1.41722,103.8474,388,SHAUGHNESSY,MILTONIA CLOS,MILTONIA CLOS,N,-1,-1.0,-1.0,-1.0,True,103.8474,1.41722,0.0001,0.003545,2999,0.078628,True,True,False,False,18,60.00%,Medium,INCORRECT,Far from streets
109233,243648.0,,737916.0,S,9.0,SINGAPORE,SINGAPORE,,915032548.0,940412701.0,1.44651,103.80249,1.44647,103.80339,31,ADMIRALTY SECONDARY SCHOOL,WOODLANDS CRES,WOODLANDS CRES,N,4927,0.004915,103.79901,1.44424,True,103.80339,1.44647,0.004597,0.00058,2999,0.116933,True,True,False,False,27,45.00%,Medium,INCORRECT,Isolated from other POIs
68783,249077.0,,729246.0,S,8.0,SINGAPORE,SINGAPORE,,931270448.0,931270448.0,1.41472,103.7507,1.41477,103.7507,40,LUXX NEWHOUSE DESIGN CENTRE,SUNGEI KADUT ST 2,SUNGEI KADUT ST 2,N,5256,0.004247,103.7549,1.4154,True,103.7507,1.41477,0.005198,0.003317,2999,0.123985,True,True,False,False,22,80.00%,High,INCORRECT,Far from streets; Isolated from other POIs
99145,190856.0,,460539.0,S,9.0,SINGAPORE,SINGAPORE,,826799196.0,826799193.0,1.33137,103.92481,1.3315,103.92504,539,,BEDOK NORTH ST 3,BEDOK NORTH ST 3,Y,3202,0.007035,103.9215,1.32542,True,103.92504,1.3315,0.008902,0.000184,2999,0.076841,True,True,True,True,-1,120.00%,Very High,INCORRECT,Isolated from other POIs; Spatial clustering outlier
551,182444.0,,639420.0,S,7.0,SINGAPORE,SINGAPORE,,905379961.0,715262945.0,1.32516,103.65184,1.32546,103.65232,29,ZICOM,TUAS AVE 3,TUAS AVE 4,N,843,0.000524,103.6522,1.32597,True,103.65232,1.32546,0.003098,0.00024,2999,0.196648,True,True,False,False,14,45.00%,Medium,INCORRECT,Normal spatial pattern
91864,249427.0,,829497.0,S,9.0,SINGAPORE,SINGAPORE,,116147737.0,116147739.0,1.41943,103.90934,1.4194,103.90959,31,PONGGOL PARK,PONGGOL TWENTY-FOURTH AVE,PONGGOL TWENTY-FOURTH AVE,N,5013,0.001085,103.9103,1.42022,True,103.90959,1.4194,0.000153,0.000729,2999,0.101278,False,False,True,True,-1,55.00%,Medium,INCORRECT,Spatial clustering outlier
23262,125055.0,,118503.0,S,8.0,SINGAPORE,SINGAPORE,,116145117.0,116145117.0,1.27367,103.79852,1.27376,103.79855,43,,PASIR PANJANG RD,PASIR PANJANG RD,N,1873,0.000939,103.7994,1.27336,True,103.79855,1.27376,0.005668,0.001056,2999,0.081866,True,True,False,True,9,90.00%,Very High,INCORRECT,Isolated from other POIs
52955,154304.0,,637787.0,S,8.0,SINGAPORE,SINGAPORE,,897466386.0,897466386.0,1.31014,103.62776,1.31052,103.6283,65,CENTILLION ENVIRONMENT & RECYCLING,TECH PARK CRES,TECH PARK CRES,N,4149,0.008325,103.6266,1.30237,True,103.6283,1.31052,0.002855,0.002162,2999,0.222011,True,True,False,False,28,60.00%,Medium,INCORRECT,Far from streets
202,155472.0,,388892.0,S,7.0,SINGAPORE,SINGAPORE,,778433204.0,778433204.0,1.31516,103.8731,1.31517,103.8731,421,,LOR 3 GEYLANG,LOR 3 GEYLANG,N,-1,-1.0,-1.0,-1.0,True,103.8731,1.31517,0.002847,0.000746,2999,0.033952,False,True,False,True,0,45.00%,Medium,INCORRECT,Normal spatial pattern
41537,199574.0,,319381.0,S,8.0,SINGAPORE,SINGAPORE,,778682920.0,778682920.0,1.33567,103.85529,1.33585,103.85556,180,SPC,LOR 6 TOA PAYOH,LOR 6 TOA PAYOH,N,5162,0.000978,103.8564,1.33535,True,103.85556,1.33585,0.004595,0.00102,2999,0.00755,True,True,False,False,26,45.00%,Medium,INCORRECT,Isolated from other POIs
80219,245572.0,,757731.0,S,8.0,SINGAPORE,SINGAPORE,,940493977.0,940493977.0,1.4533,103.79555,1.4535,103.7955,8,,WOODLANDS IND PARK E1,WOODLANDS IND PARK E1,N,5611,0.002062,103.7954,1.45144,True,103.7955,1.4535,0.00388,0.002614,2999,0.126546,True,True,False,False,44,60.00%,Medium,INCORRECT,Far from streets; Isolated from other POIs
105066,232243.0,,671603.0,S,9.0,SINGAPORE,SINGAPORE,,897328474.0,907484887.0,1.38176,103.76165,1.38177,103.7623,603A,,SENJA RD,SENJA RD,Y,3103,0.000117,103.7622,1.38171,True,103.7623,1.38177,0.0045,0.000545,2999,0.096431,True,True,False,False,8,45.00%,Medium,INCORRECT,Isolated from other POIs
57339,185240.0,,628746.0,S,8.0,SINGAPORE,SINGAPORE,,909479569.0,909479569.0,1.33174,103.6918,1.33215,103.69196,33,TURBO ONE,KIAN TECK WAY,KIAN TECK WAY,N,3361,0.002244,103.6899,1.33304,True,103.69196,1.33215,0.00247,0.001069,2999,0.156701,True,True,False,False,4,45.00%,Medium,INCORRECT,Normal spatial pattern
981,182510.0,,627972.0,S,8.0,SINGAPORE,SINGAPORE,,116130714.0,116130714.0,1.32548,103.70545,1.32542,103.70603,11,OCEAN TRANSPORTATION,TRACTOR RD,TRACTOR RD,N,2968,0.004696,103.7097,1.32835,True,103.70603,1.32542,0.004744,0.003401,2999,0.143106,True,True,False,False,4,60.00%,Medium,INCORRECT,Far from streets; Isolated from other POIs
74734,236831.0,,788101.0,S,8.0,SINGAPORE,SINGAPORE,,939885958.0,939885958.0,1.39828,103.82515,1.39833,103.82515,7,SPRINGLEAF GARDEN,SPRINGLEAF HTS,SPRINGLEAF HTS,N,1403,0.000986,103.8244,1.39769,True,103.82515,1.39833,0.00012,0.002886,2999,0.064142,True,True,False,False,10,60.00%,Medium,INCORRECT,Far from streets
50983,154197.0,,128405.0,S,8.0,SINGAPORE,SINGAPORE,,895445561.0,895445561.0,1.31076,103.74952,1.31162,103.74984,214,F & N FOODS,PANDAN LOOP,PANDAN LOOP,N,1435,0.007069,103.7569,1.31198,True,103.74984,1.31162,0.003625,0.00498,2999,0.10231,True,True,False,True,7,85.00%,Very High,INCORRECT,Far from streets; Isolated from other POIs
26041,133528.0,,609256.0,S,8.0,SINGAPORE,SINGAPORE,,116147000.0,116147000.0,1.30356,103.75272,1.30316,103.75216,7,PM COAST MARITIME,PANDAN RD,PANDAN RD,N,1435,0.010013,103.7569,1.31198,True,103.75216,1.30316,0.006487,0.003486,2999,0.102678,True,True,True,True,-1,135.00%,Very High,INCORRECT,Far from streets; Isolated from other POIs; Spatial clustering outlier
117468,125073.0,,99981.0,S,9.0,SINGAPORE,SINGAPORE,,940158092.0,116149925.0,1.24842,103.82804,1.24836,103.82754,33,SENTOSA OFFICE,ALLANBROOKE RD,ALLANBROOKE RD,N,3355,0.008355,103.8239,1.25588,True,103.82754,1.24836,0.001721,0.000418,2999,0.092649,False,False,True,True,-1,55.00%,Medium,INCORRECT,Spatial clustering outlier
37979,187792.0,,610105.0,S,8.0,SINGAPORE,SINGAPORE,,718181353.0,718181353.0,1.33186,103.72409,1.33194,103.72475,105,,TAO CHING RD,TAO CHING RD,Y,2261,0.002235,103.7249,1.32971,True,103.72475,1.33194,0.007532,0.000794,2999,0.123957,True,True,True,False,-1,95.00%,Very High,INCORRECT,Isolated from other POIs; Spatial clustering outlier
97674,235910.0,,509928.0,S,9.0,SINGAPORE,SINGAPORE,,762427730.0,762427730.0,1.37402,103.9816,1.37395,103.9816,164,,CALSHOT RD,CALSHOT RD,N,-1,-1.0,-1.0,-1.0,True,103.9816,1.37395,0.006262,0.002759,2999,0.137687,True,True,True,True,-1,135.00%,Very High,INCORRECT,Far from streets; Isolated from other POIs; Spatial clustering outlier
26381,183904.0,,638999.0,S,8.0,SINGAPORE,SINGAPORE,,116147898.0,116147898.0,1.32447,103.63763,1.32492,103.63779,39,RECON PROPELLER & ENGINEERING,TUAS AVE 13,TUAS AVE 13,N,236,0.001721,103.6376,1.32321,True,103.63779,1.32492,0.003637,0.003088,2999,0.211182,True,True,False,False,25,60.00%,Medium,INCORRECT,Far from streets; Isolated from other POIs
55488,175384.0,,638993.0,S,8.0,SINGAPORE,SINGAPORE,,901995763.0,901995763.0,1.32164,103.63974,1.32149,103.63995,27,,TUAS AVE 13,TUAS AVE 13,N,1185,0.002406,103.6419,1.32008,True,103.63995,1.32149,0.004018,0.00051,2999,0.209279,True,True,False,False,25,45.00%,Medium,INCORRECT,Isolated from other POIs
91865,249412.0,,829502.0,S,9.0,SINGAPORE,SINGAPORE,,116147739.0,116147739.0,1.41925,103.9094,1.41925,103.90956,29A,,PONGGOL TWENTY-FOURTH AVE,PONGGOL TWENTY-FOURTH AVE,N,5013,0.00122,103.9103,1.42022,True,103.90956,1.41925,0.000153,0.000836,2999,0.10114,False,False,True,True,-1,55.00%,Medium,INCORRECT,Spatial clustering outlier
2894,193107.0,,638151.0,S,8.0,SINGAPORE,SINGAPORE,,116131695.0,116131695.0,1.33949,103.691,1.33937,103.69085,20,,YUNNAN WALK 2,YUNNAN WALK 2,N,764,0.002278,103.6927,1.3407,True,103.69085,1.33937,0.000158,0.000439,2999,0.15768,True,True,False,False,4,45.00%,Medium,INCORRECT,Normal spatial pattern
56052,183037.0,,639106.0,S,8.0,SINGAPORE,SINGAPORE,,902151905.0,902151905.0,1.3256,103.64148,1.3255,103.64138,60,PARDUIT SINGAPORE,TUAS AVE 11,TUAS AVE 11,N,1186,0.002808,103.6434,1.32355,True,103.64138,1.3255,0.002808,0.003303,2999,0.207562,True,True,False,False,25,60.00%,Medium,INCORRECT,Far from streets
37002,194736.0,,574625.0,S,8.0,SINGAPORE,SINGAPORE,,116176605.0,116176605.0,1.3404,103.83692,1.34038,103.83688,810,,THOMSON RD,THOMSON RD,N,4933,0.002381,103.8361,1.33813,True,103.83688,1.34038,0.00472,0.000514,2999,0.011783,True,True,True,True,-1,100.00%,Very High,INCORRECT,Isolated from other POIs; Spatial clustering outlier
97962,248242.0,,768893.0,S,9.0,SINGAPORE,SINGAPORE,,774616372.0,774616371.0,1.43089,103.83854,1.4307,103.83891,1,,YISHUN AVE 9,YISHUN AVE 9,N,5760,0.00399,103.8358,1.4282,True,103.83891,1.4307,0.002694,0.001042,2999,0.092601,False,True,False,True,1,45.00%,Medium,INCORRECT,Normal spatial pattern
116214,249755.0,,829660.0,S,9.0,SINGAPORE,SINGAPORE,,939999160.0,116130901.0,1.41584,103.90531,1.41574,103.90549,202,PONGGOL PARK,PONGGOL SEVENTEENTH AVE,PONGGOL SEVENTEENTH AVE,N,5013,0.006573,103.9103,1.42022,True,103.90549,1.41574,0.002043,0.000889,2999,0.095892,False,False,True,True,-1,55.00%,Medium,INCORRECT,Spatial clustering outlier
2892,193003.0,,638147.0,S,8.0,SINGAPORE,SINGAPORE,,116131695.0,116131695.0,1.33938,103.69109,1.33924,103.69094,16,,YUNNAN WALK 2,YUNNAN WALK 2,N,764,0.002287,103.6927,1.3407,True,103.69094,1.33924,0.000158,0.000493,2999,0.15759,True,True,False,False,4,45.00%,Medium,INCORRECT,Normal spatial pattern
108569,232681.0,,508944.0,S,9.0,SINGAPORE,SINGAPORE,,914308980.0,116150505.0,1.37593,103.96838,1.37625,103.96811,29,MOKI MARINE ENGINEERING,LOYANG DR,LOYANG DR,N,4871,0.003492,103.9701,1.37912,True,103.96811,1.37625,0.003354,0.002598,2999,0.125369,True,True,False,False,17,60.00%,Medium,INCORRECT,Far from streets
56344,192049.0,,639308.0,S,8.0,SINGAPORE,SINGAPORE,,905379971.0,905379971.0,1.32895,103.65113,1.32845,103.65151,21,MAGIC-KOIL,TUAS AVE 6,TUAS AVE 6,N,4646,0.002417,103.6508,1.33076,True,103.65151,1.32845,0.0018,0.002281,2999,0.19728,True,True,False,False,14,60.00%,Medium,INCORRECT,Far from streets
94901,204857.0,,574290.0,S,9.0,SINGAPORE,SINGAPORE,,116161272.0,116161272.0,1.34505,103.83766,1.34504,103.83763,21C,,WESTLAKE AVE,WESTLAKE AVE,N,89,0.002588,103.8383,1.34254,True,103.83763,1.34504,0.00472,0.000654,2999,0.012659,True,True,True,True,-1,100.00%,Very High,INCORRECT,Isolated from other POIs; Spatial clustering outlier
118523,197584.0,,608579.0,S,9.0,SINGAPORE,SINGAPORE,,940620926.0,940620926.0,1.33693,103.7551,1.33693,103.7551,34,ENTERPRISE HUB,TOH GUAN RD E,TOH GUAN RD E,N,-1,-1.0,-1.0,-1.0,True,103.7551,1.33693,0.004508,0.001418,2999,0.093443,True,True,False,True,0,70.00%,High,INCORRECT,Isolated from other POIs
26221,244209.0,,758210.0,S,8.0,SINGAPORE,SINGAPORE,,116147648.0,116147648.0,1.46135,103.79988,1.46081,103.80025,23,HO SENG LEE INDUSTRIES,SENOKO DR,SENOKO DR,N,5203,0.006955,103.7933,1.46108,True,103.80025,1.46081,0.002708,0.00292,2999,0.1314,True,True,False,False,34,60.00%,Medium,INCORRECT,Far from streets
66537,190879.0,,486477.0,S,8.0,SINGAPORE,SINGAPORE,,925015319.0,925015319.0,1.33078,103.96859,1.33097,103.96809,1,GATES RUBBER COMPANY,CHANGI SOUTH ST 3,CHANGI SOUTH ST 3,N,4662,0.001742,103.968,1.33271,True,103.96809,1.33097,0.004835,0.000541,2999,0.119805,True,True,False,True,33,70.00%,High,INCORRECT,Isolated from other POIs
41066,129926.0,,117864.0,S,8.0,SINGAPORE,SINGAPORE,,775252352.0,775252352.0,1.28522,103.7795,1.28522,103.7795,31,WEST COAST CAR MART,WEST COAST HWY,WEST COAST HWY,N,-1,-1.0,-1.0,-1.0,True,103.7795,1.28522,0.005986,0.000577,2999,0.08726,True,True,True,True,-1,120.00%,Very High,INCORRECT,Isolated from other POIs; Spatial clustering outlier
67094,227775.0,,560418.0,S,8.0,SINGAPORE,SINGAPORE,,925854057.0,925854057.0,1.36495,103.85404,1.36473,103.85401,418,,ANG MO KIO AVE 10,ANG MO KIO AVE 10,Y,3368,0.001828,103.8558,1.36436,True,103.85401,1.36473,0.006075,0.00105,2999,0.026699,True,True,False,True,0,90.00%,Very High,INCORRECT,Isolated from other POIs
102645,158613.0,,637584.0,S,9.0,SINGAPORE,SINGAPORE,,866655289.0,866655289.0,1.31461,103.62843,1.31504,103.62827,67E,SEATOWN INDUSTRIAL CENTRE,TUAS SOUTH AVE 1,TUAS SOUTH AVE 1,N,4565,0.005785,103.633,1.31837,True,103.62827,1.31504,0.001655,0.000923,2999,0.221515,True,True,False,False,28,45.00%,Medium,INCORRECT,Normal spatial pattern
74335,235141.0,,530530.0,S,8.0,SINGAPORE,SINGAPORE,,939794218.0,939794218.0,1.37527,103.89005,1.37539,103.89024,530,,HOUGANG AVE 6,HOUGANG AVE 6,Y,5223,0.00387,103.8876,1.37256,True,103.89024,1.37539,0.003204,0.000762,2999,0.055618,False,True,False,True,0,45.00%,Medium,INCORRECT,Normal spatial pattern
59048,211245.0,,498770.0,S,8.0,SINGAPORE,SINGAPORE,,914036528.0,914036528.0,1.35269,103.97228,1.35265,103.97226,15,ZUELLIG PHARMA SINGAPORE,CHANGI NORTH WAY,CHANGI NORTH WAY,N,1879,0.005083,103.9703,1.35734,True,103.97226,1.35265,0.003048,0.000845,2999,0.124527,False,True,True,True,-1,75.00%,High,INCORRECT,Spatial clustering outlier
47091,245644.0,,718902.0,S,8.0,SINGAPORE,SINGAPORE,,859424783.0,859424783.0,1.44083,103.73202,1.43969,103.73206,290,,NEO TIEW CRES,NEO TIEW CRES,N,2365,0.001129,103.7322,1.43857,True,103.73206,1.43969,0.016477,0.004992,2999,0.154221,True,True,True,True,-1,135.00%,Very High,INCORRECT,Far from streets; Isolated from other POIs; Spatial clustering outlier
93157,138721.0,,138810.0,S,9.0,SINGAPORE,SINGAPORE,,116156297.0,116156297.0,1.29388,103.7972,1.29387,103.7972,2,,WHITCHURCH RD,WHITCHURCH RD,N,-1,-1.0,-1.0,-1.0,True,103.7972,1.29387,0.004558,0.001076,2999,0.068084,True,True,False,False,0,45.00%,Medium,INCORRECT,Isolated from other POIs
11658,247867.0,,718893.0,S,8.0,SINGAPORE,SINGAPORE,,116136471.0,116136471.0,1.42927,103.71657,1.42932,103.7163,150,,LIM CHU KANG LANE 3,LIM CHU KANG LANE 3,N,5498,0.002956,103.7142,1.4314,True,103.7163,1.42932,0.004806,0.002433,2999,0.160357,True,True,True,True,-1,115.00%,Very High,INCORRECT,Far from streets; Isolated from other POIs; Spatial clustering outlier
118303,248419.0,,731575.0,S,9.0,SINGAPORE,SINGAPORE,,940500477.0,940500477.0,1.43147,103.79701,1.43143,103.79699,575A,,WOODLANDS DR 16,WOODLANDS DR 16,Y,1030,0.005124,103.7938,1.42742,True,103.79699,1.43143,0.004082,0.001612,2999,0.106177,False,True,True,False,-1,50.00%,Medium,INCORRECT,Far from streets; Isolated from other POIs; Spatial clustering outlier
112875,221983.0,,550153.0,S,9.0,SINGAPORE,SINGAPORE,,927942102.0,927942099.0,1.37026,103.87202,1.37023,103.87259,153,,SERANGOON NORTH AVE 1,SERANGOON NORTH AVE 1,Y,606,0.00118,103.8726,1.36905,True,103.87259,1.37023,0.003021,0.000283,2999,0.039742,False,True,False,True,0,45.00%,Medium,INCORRECT,Normal spatial pattern
27688,188969.0,,628706.0,S,8.0,SINGAPORE,SINGAPORE,,116148776.0,116148776.0,1.32975,103.70125,1.32981,103.70169,3,YEO'S BROTHER TRANSPORT SVC,KWONG MIN RD,KWONG MIN RD,N,644,0.00509,103.6966,1.32987,True,103.70169,1.32981,0.00087,0.002494,2999,0.147101,True,True,False,False,4,60.00%,Medium,INCORRECT,Far from streets
20603,127193.0,,19392.0,S,8.0,SINGAPORE,SINGAPORE,,116142584.0,880590148.0,1.28028,103.86662,1.28004,103.86655,20,,MARINA MALL,MARINA MALL,N,4204,0.000287,103.8663,1.28018,True,103.86655,1.28004,0.007965,0.000995,2999,0.061271,True,True,True,True,-1,120.00%,Very High,INCORRECT,Isolated from other POIs; Spatial clustering outlier
38118,215613.0,,650345.0,S,8.0,SINGAPORE,SINGAPORE,,718223347.0,718223347.0,1.36286,103.75083,1.36302,103.75082,345,,BUKIT BATOK ST 34,BUKIT BATOK ST 34,Y,4922,0.002835,103.7485,1.36139,True,103.75082,1.36302,0.002134,0.000849,2999,0.100714,False,False,True,True,-1,55.00%,Medium,INCORRECT,Spatial clustering outlier
102851,158784.0,,619469.0,S,9.0,SINGAPORE,SINGAPORE,,870573726.0,762621102.0,1.31333,103.7005,1.31281,103.7007,7,,JALAN BUROH,JALAN BUROH,N,-1,-1.0,-1.0,-1.0,True,103.7007,1.31281,0.005318,0.003398,2999,0.150061,True,True,False,True,43,105.00%,Very High,INCORRECT,Far from streets; Isolated from other POIs
59363,230391.0,,508991.0,S,8.0,SINGAPORE,SINGAPORE,,914172020.0,914172020.0,1.38361,103.97162,1.38351,103.97147,30,PENTAGON FREIGHT SERVICES,LOYANG CRES,LOYANG CRES,N,2604,0.002376,103.9726,1.3856,True,103.97147,1.38351,0.005182,0.001082,2999,0.130888,True,True,True,False,-1,95.00%,Very High,INCORRECT,Isolated from other POIs; Spatial clustering outlier
471,147700.0,,629414.0,S,7.0,SINGAPORE,SINGAPORE,,879825596.0,877626834.0,1.31244,103.65859,1.31123,103.66074,19,TETRAPAK,GUL LN,GUL CRES,N,5939,0.003785,103.6574,1.31301,True,103.66074,1.31123,0.002862,0.000161,2999,0.189772,True,True,False,False,35,45.00%,Medium,INCORRECT,Normal spatial pattern
22934,171606.0,,129191.0,S,8.0,SINGAPORE,SINGAPORE,,116144961.0,116144961.0,1.3237,103.75581,1.32351,103.75573,68,FABER HILLS,FABER HTS,FABER HTS,N,190,0.001106,103.7568,1.32323,True,103.75573,1.32351,0.000979,0.002697,2999,0.094017,True,True,False,True,7,85.00%,Very High,INCORRECT,Far from streets
87136,246411.0,,738366.0,S,9.0,SINGAPORE,SINGAPORE,,116135123.0,116135127.0,1.45141,103.80382,1.45186,103.80367,1,YEAKIN PLASTIC,WOODLANDS WALK,WOODLANDS WALK,N,2958,0.003015,103.8062,1.4535,True,103.80367,1.45186,0.004502,0.000617,2999,0.12182,True,True,False,False,44,45.00%,Medium,INCORRECT,Isolated from other POIs
56369,173305.0,,639498.0,S,8.0,SINGAPORE,SINGAPORE,,905381643.0,905381643.0,1.32233,103.65974,1.32262,103.65996,13,PRECISE DEVELOPMENT,TUAS AVE 1,TUAS AVE 1,N,1180,0.005186,103.6548,1.32314,True,103.65996,1.32262,0.002115,0.000737,2999,0.189244,True,True,False,False,14,45.00%,Medium,INCORRECT,Normal spatial pattern
105139,167453.0,,629472.0,S,9.0,SINGAPORE,SINGAPORE,,897453541.0,897453540.0,1.31743,103.66962,1.31719,103.67023,24,TANNY SERVICES,GUL DR,GUL DR,N,4019,0.001755,103.6687,1.31805,True,103.67023,1.31719,0.003972,0.002002,2999,0.179579,True,True,False,False,36,60.00%,Medium,INCORRECT,Far from streets; Isolated from other POIs
49035,204776.0,,637459.0,S,8.0,SINGAPORE,SINGAPORE,,874917717.0,874917717.0,1.34572,103.67855,1.3457,103.67851,62,,NANYANG DR,NANYANG DR,N,4155,0.001119,103.67887,1.34464,True,103.67851,1.3457,0.005747,4.2e-05,2999,0.170166,True,True,True,True,-1,120.00%,Very High,INCORRECT,Isolated from other POIs; Spatial clustering outlier
48864,149340.0,,608611.0,S,8.0,SINGAPORE,SINGAPORE,,873086737.0,873086737.0,1.31309,103.72871,1.31319,103.72915,2,,PENJURU CLOS,PENJURU CLOS,N,2970,0.003602,103.7316,1.31583,True,103.72915,1.31319,0.00068,0.000277,2999,0.122053,False,False,True,True,-1,55.00%,Medium,INCORRECT,Spatial clustering outlier
118885,130129.0,,637437.0,S,9.0,SINGAPORE,SINGAPORE,,943652045.0,872231392.0,1.28477,103.62945,1.28477,103.6295,26,ABBOTT,TUAS SOUTH AVE 10,TUAS SOUTH AVE 10,N,2336,0.007174,103.6315,1.29166,True,103.6295,1.28477,0.010021,0.000192,2999,0.225546,True,True,True,True,-1,120.00%,Very High,INCORRECT,Isolated from other POIs; Spatial clustering outlier
109400,236907.0,,823642.0,S,9.0,SINGAPORE,SINGAPORE,,916030578.0,916030567.0,1.39848,103.91607,1.39839,103.91683,642C,,PUNGGOL DR,PUNGGOL DR,Y,164,0.004213,103.9145,1.39488,True,103.91683,1.39839,5.8e-05,0.000503,2999,0.090774,False,False,True,True,-1,55.00%,Medium,INCORRECT,Spatial clustering outlier
90700,197898.0,,288295.0,S,9.0,SINGAPORE,SINGAPORE,,116143619.0,116143619.0,1.33666,103.81928,1.33663,103.81956,12H,,SIME RD,SIME RD,N,4972,0.001376,103.8207,1.33586,True,103.81956,1.33663,0.00355,0.001256,2999,0.029035,False,True,False,True,0,45.00%,Medium,INCORRECT,Normal spatial pattern
37417,222195.0,,530678.0,S,8.0,SINGAPORE,SINGAPORE,,717596386.0,717596386.0,1.37091,103.88383,1.37111,103.88387,678,,HOUGANG AVE 8,HOUGANG AVE 8,Y,5220,0.001114,103.8828,1.3708,True,103.88387,1.37111,0.004193,0.001034,2999,0.04802,False,True,False,True,0,45.00%,Medium,INCORRECT,Isolated from other POIs
118574,237908.0,,821268.0,S,9.0,SINGAPORE,SINGAPORE,,940722253.0,916654594.0,1.40414,103.89738,1.40415,103.89721,268A,,PUNGGOL FLD,PUNGGOL FLD,Y,4955,0.005608,103.9016,1.40066,True,103.89721,1.40415,0.004357,0.00037,2999,0.08165,False,True,False,True,38,45.00%,Medium,INCORRECT,Isolated from other POIs
59507,191947.0,,628784.0,S,8.0,SINGAPORE,SINGAPORE,,914256758.0,914256758.0,1.32962,103.69118,1.32908,103.69123,42,INNOTRICS INTERNATIONAL,KIAN TECK RD,KIAN TECK RD,N,1177,0.001496,103.6917,1.32766,True,103.69123,1.32908,0.002874,0.00073,2999,0.157586,True,True,False,False,4,45.00%,Medium,INCORRECT,Normal spatial pattern
301,224057.0,,528742.0,S,7.0,SINGAPORE,SINGAPORE,,836654487.0,836654487.0,1.36818,103.9296,1.36826,103.9295,87,KWANG HUA BUDDHIST MONASTERY,TAMPINES LINK,TAMPINES RD,N,-1,-1.0,-1.0,-1.0,True,103.9295,1.36826,0.00081,0.001345,2999,0.086233,False,False,True,True,-1,55.00%,Medium,INCORRECT,Spatial clustering outlier
26088,247974.0,,718853.0,S,8.0,SINGAPORE,SINGAPORE,,116147067.0,116147067.0,1.43455,103.7099,1.43407,103.7098,21,,LIM CHU KANG LANE 5,LIM CHU KANG LANE 5,N,5497,0.004101,103.7127,1.43117,True,103.7098,1.43407,0.008051,0.001093,2999,0.168404,True,True,True,True,-1,120.00%,Very High,INCORRECT,Isolated from other POIs; Spatial clustering outlier
60903,201428.0,,520292.0,S,8.0,SINGAPORE,SINGAPORE,,915144513.0,915144513.0,1.35017,103.95575,1.35017,103.95559,292,,TAMPINES ST 22,TAMPINES ST 22,Y,4663,0.001795,103.9538,1.35031,True,103.95559,1.35017,0.004514,0.001218,2999,0.107685,True,True,False,False,0,45.00%,Medium,INCORRECT,Isolated from other POIs
8075,244154.0,,758165.0,S,8.0,SINGAPORE,SINGAPORE,,116135290.0,926759583.0,1.46047,103.79799,1.46002,103.79766,34,SENOKO INDUSTRIAL ESTATE,SENOKO LOOP,SENOKO LOOP,N,5203,0.004487,103.7933,1.46108,True,103.79766,1.46002,0.002708,0.002672,2999,0.131645,True,True,False,False,34,60.00%,Medium,INCORRECT,Far from streets
75518,201483.0,,539289.0,S,8.0,SINGAPORE,SINGAPORE,,939901306.0,939901306.0,1.34856,103.89286,1.34853,103.89266,49,,DEFU LANE 9,DEFU LANE 9,Y,4756,0.001172,103.8921,1.3475,True,103.89266,1.34853,0.002951,0.002642,2999,0.045235,True,True,False,True,0,85.00%,Very High,INCORRECT,Far from streets
48588,172479.0,,629111.0,S,8.0,SINGAPORE,SINGAPORE,,870360705.0,870360705.0,1.3238,103.66724,1.32383,103.66727,33,VOLVO EAST ASIA,JOO KOON CIR,JOO KOON CIR,N,2692,0.002709,103.6699,1.32448,True,103.66727,1.32383,0.004121,0.001908,2999,0.181859,True,True,True,False,-1,75.00%,High,INCORRECT,Far from streets; Isolated from other POIs; Spatial clustering outlier
103398,161909.0,,637815.0,S,9.0,SINGAPORE,SINGAPORE,,879825600.0,879825600.0,1.31325,103.65585,1.3131,103.65574,17B,,TUAS RD,TUAS RD,N,5938,0.001137,103.6568,1.31351,True,103.65574,1.3131,0.004784,0.001146,2999,0.194467,True,True,False,False,35,45.00%,Medium,INCORRECT,Isolated from other POIs
58192,198090.0,,289965.0,S,8.0,SINGAPORE,SINGAPORE,,913970462.0,913970462.0,1.33671,103.81602,1.33668,103.81601,5,,ADAM DR,ADAM DR,N,5351,0.001276,103.81613,1.33541,True,103.81601,1.33668,0.00355,0.000663,2999,0.032575,False,True,False,True,0,45.00%,Medium,INCORRECT,Normal spatial pattern
47997,160584.0,,629423.0,S,8.0,SINGAPORE,SINGAPORE,,864918216.0,864918216.0,1.3141,103.66108,1.31439,103.66142,29,LEONI DIALOG,GUL LN,GUL LN,N,4029,0.003332,103.6641,1.31637,True,103.66142,1.31439,0.00031,0.002742,2999,0.188668,True,True,False,False,35,60.00%,Medium,INCORRECT,Far from streets
75632,250329.0,,718911.0,S,8.0,SINGAPORE,SINGAPORE,,939924551.0,939924551.0,1.42411,103.71757,1.42456,103.71696,80,,LIM CHU KANG LANE 1,LIM CHU KANG LANE 1,N,5917,0.004307,103.7208,1.42651,True,103.71696,1.42456,0.004806,0.003543,2999,0.15716,True,True,True,True,-1,115.00%,Very High,INCORRECT,Far from streets; Isolated from other POIs; Spatial clustering outlier
20971,180850.0,,276172.0,S,8.0,SINGAPORE,SINGAPORE,,116143003.0,116143003.0,1.32661,103.78328,1.32664,103.78329,53,HOLLAND GREEN,HOLLAND GRN,HOLLAND GRN,N,4331,0.00111,103.7825,1.32586,True,103.78329,1.32664,0.001078,0.002228,2999,0.066326,False,True,False,True,0,60.00%,Medium,INCORRECT,Far from streets
51372,205859.0,,658712.0,S,8.0,SINGAPORE,SINGAPORE,,895500820.0,895500820.0,1.34293,103.76092,1.34293,103.76095,11,YUSOF ISHAK SECONDARY SCHOOL,BUKIT BATOK ST 25,BUKIT BATOK ST 25,N,3347,0.004347,103.7569,1.34451,True,103.76095,1.34293,0.004124,0.00129,2999,0.087685,False,True,False,True,0,45.00%,Medium,INCORRECT,Isolated from other POIs
2990,182642.0,,629701.0,S,8.0,SINGAPORE,SINGAPORE,,116131732.0,116131732.0,1.32521,103.68852,1.32535,103.68798,4,YCH,FOURTH LOK YANG RD,FOURTH LOK YANG RD,N,1177,0.004379,103.6917,1.32766,True,103.68798,1.32535,0.00472,0.003062,2999,0.161094,True,True,False,False,4,60.00%,Medium,INCORRECT,Far from streets; Isolated from other POIs
36671,133294.0,,128469.0,S,8.0,SINGAPORE,SINGAPORE,,116170898.0,116170898.0,1.30291,103.75859,1.3034,103.75909,13,DYNA-MAC ENGINEERING SERVICES,PANDAN CRES,PANDAN CRES,N,1435,0.008855,103.7569,1.31198,True,103.75909,1.3034,0.005121,0.001924,2999,0.096116,True,True,True,False,-1,95.00%,Very High,INCORRECT,Far from streets; Isolated from other POIs; Spatial clustering outlier
115750,236885.0,,788144.0,S,9.0,SINGAPORE,SINGAPORE,,939885958.0,939885958.0,1.39841,103.82554,1.39837,103.82563,2A,,SPRINGLEAF HTS,SPRINGLEAF HTS,N,1403,0.001405,103.8244,1.39769,True,103.82563,1.39837,0.000361,0.003262,2999,0.064006,True,True,False,False,10,60.00%,Medium,INCORRECT,Far from streets
506,229227.0,,670410.0,S,7.0,SINGAPORE,SINGAPORE,,897304510.0,897304510.0,1.3825,103.76729,1.38267,103.76749,410,,SAUJANA RD,SAUJANA RD,Y,456,0.001078,103.76704,1.38365,True,103.76749,1.38267,0.004608,0.000632,2999,0.092246,True,True,False,False,8,45.00%,Medium,INCORRECT,Isolated from other POIs
45788,125092.0,,98615.0,S,8.0,SINGAPORE,SINGAPORE,,845934446.0,845934446.0,1.25069,103.84711,1.25063,103.84732,184,THE BERTHSIDE,OCEAN DR,OCEAN DR,N,3719,0.02239,103.84746,1.27302,True,103.84732,1.25063,0.01991,0.001381,2999,0.087979,True,True,True,True,-1,120.00%,Very High,INCORRECT,Isolated from other POIs; Spatial clustering outlier
97374,179840.0,,639465.0,S,9.0,SINGAPORE,SINGAPORE,,755883796.0,864275108.0,1.32861,103.65671,1.32809,103.65705,37,GALMON,TUAS AVE 2,TUAS AVE 2,N,843,0.005293,103.6522,1.32597,True,103.65705,1.32809,0.003471,0.0008,2999,0.191766,True,True,False,False,14,45.00%,Medium,INCORRECT,Normal spatial pattern
63864,191077.0,,408621.0,S,8.0,SINGAPORE,SINGAPORE,,924695578.0,924695578.0,1.33084,103.89956,1.3311,103.89956,25,NEWTECH INDUSTRIAL BUILDING,UBI RD 4,UBI RD 4,N,5040,0.002758,103.9013,1.32896,True,103.89956,1.3311,0.005374,0.001391,2999,0.05158,True,True,True,False,-1,95.00%,Very High,INCORRECT,Isolated from other POIs; Spatial clustering outlier
115299,248237.0,,738763.0,S,9.0,SINGAPORE,SINGAPORE,,939788732.0,939788732.0,1.43086,103.7649,1.43086,103.7649,1012,,WOODLANDS IND PARK D ST 2,WOODLANDS IND PARK D ST 2,Y,-1,-1.0,-1.0,-1.0,True,103.7649,1.43086,0.003527,0.002484,2999,0.124521,True,True,True,False,-1,90.00%,Very High,INCORRECT,Far from streets; Spatial clustering outlier
3368,168084.0,,638710.0,S,8.0,SINGAPORE,SINGAPORE,,116132054.0,116132054.0,1.31727,103.64638,1.31719,103.64677,16,MMI BOILER MANAGEMENT,TUAS CRES,TUAS CRES,N,3236,0.003771,103.6442,1.31443,True,103.64677,1.31719,0.006331,0.008163,2999,0.202891,True,True,True,False,-1,110.00%,Very High,INCORRECT,Far from streets; Isolated from other POIs; Spatial clustering outlier
83397,228802.0,,569977.0,S,8.0,SINGAPORE,SINGAPORE,,986322816.0,986322816.0,1.36441,103.84585,1.36412,103.84591,1351,SPC,ANG MO KIO AVE 1,ANG MO KIO AVE 1,N,5037,0.001552,103.84565,1.36565,True,103.84591,1.36412,0.00531,0.000186,2999,0.025654,True,True,True,True,-1,120.00%,Very High,INCORRECT,Isolated from other POIs; Spatial clustering outlier
102903,145825.0,,627800.0,S,9.0,SINGAPORE,SINGAPORE,,872085369.0,872085370.0,1.30459,103.67368,1.30499,103.6738,25,AKER MH,BENOI LN,BENOI LN,N,2369,0.008574,103.6655,1.30714,True,103.6738,1.30499,0.003818,6.3e-05,2999,0.177931,True,True,False,True,42,70.00%,High,INCORRECT,Isolated from other POIs
113488,249908.0,,729672.0,S,9.0,SINGAPORE,SINGAPORE,,932489635.0,932489635.0,1.40878,103.74828,1.40817,103.74847,48A,SUNGEI KADUT INDUSTRIAL ESTATE,SUNGEI KADUT AVE,SUNGEI KADUT AVE,N,5493,0.005037,103.7482,1.40314,True,103.74847,1.40817,0.006668,0.000671,2999,0.121867,True,True,True,False,-1,95.00%,Very High,INCORRECT,Isolated from other POIs; Spatial clustering outlier
92364,195415.0,,608828.0,S,9.0,SINGAPORE,SINGAPORE,,116150815.0,116150815.0,1.33819,103.75069,1.3378,103.75001,5C,,TOH GUAN RD E,TOH GUAN RD E,N,884,0.001742,103.7513,1.33663,True,103.75001,1.3378,0.003758,0.001167,2999,0.098521,False,True,False,True,0,45.00%,Medium,INCORRECT,Isolated from other POIs
118156,196632.0,,299967.0,S,9.0,SINGAPORE,SINGAPORE,,940449206.0,940449208.0,1.33599,103.83346,1.33612,103.83376,54,CALDECOTT HILL ESTATE,ANDREW RD,ANDREW RD,N,5602,0.000626,103.8332,1.3364,True,103.83376,1.33612,0.000649,0.000407,2999,0.014975,False,False,True,True,-1,55.00%,Medium,INCORRECT,Spatial clustering outlier
104475,155584.0,,120351.0,S,9.0,SINGAPORE,SINGAPORE,,895370820.0,895370824.0,1.3152,103.77055,1.31554,103.77082,351,,CLEMENTI AVE 2,CLEMENTI AVE 2,Y,2153,0.004506,103.7724,1.31132,True,103.77082,1.31554,0.003969,0.00081,2999,0.081058,False,True,True,True,-1,75.00%,High,INCORRECT,Isolated from other POIs; Spatial clustering outlier
99910,125114.0,,99537.0,S,9.0,SINGAPORE,SINGAPORE,,835962551.0,864813960.0,1.25535,103.81424,1.25577,103.81392,30,COSTA SANDS RESORT SENTOSA,IMBIAH WALK,IMBIAH WALK,N,2363,0.002834,103.8118,1.25765,True,103.81392,1.25577,0.012078,0.000164,2999,0.08977,True,True,True,True,-1,120.00%,Very High,INCORRECT,Isolated from other POIs; Spatial clustering outlier
35648,170935.0,,409621.0,S,8.0,SINGAPORE,SINGAPORE,,116163920.0,116163920.0,1.32309,103.90109,1.32285,103.90114,1009,,EUNOS AVE 6,EUNOS AVE 6,Y,168,0.00276,103.9011,1.32009,True,103.90114,1.32285,0.003926,0.001234,2999,0.054919,False,True,False,True,0,45.00%,Medium,INCORRECT,Isolated from other POIs
56413,206622.0,,640188.0,S,8.0,SINGAPORE,SINGAPORE,,905650666.0,905650666.0,1.3438,103.71099,1.34393,103.71121,188,,BOON LAY DR,BOON LAY DR,Y,2572,0.003151,103.7128,1.34665,True,103.71121,1.34393,0.004592,2.2e-05,2999,0.137422,True,True,True,False,-1,75.00%,High,INCORRECT,Isolated from other POIs; Spatial clustering outlier
26084,249638.0,,729354.0,S,8.0,SINGAPORE,SINGAPORE,,116147055.0,116147055.0,1.42018,103.75059,1.42018,103.75063,51,,SUNGEI KADUT ST 1,SUNGEI KADUT ST 1,N,5255,0.00433,103.7549,1.41946,True,103.75063,1.42018,0.002155,0.003421,2999,0.127434,True,True,False,False,29,60.00%,Medium,INCORRECT,Far from streets
50828,228929.0,,499547.0,S,8.0,SINGAPORE,SINGAPORE,,895362154.0,895362154.0,1.36534,103.97698,1.36529,103.97697,1,,COSFORD RD,COSFORD RD,N,1335,0.002604,103.9746,1.36637,True,103.97697,1.36529,0.002417,0.003147,2999,0.131185,True,True,False,False,6,60.00%,Medium,INCORRECT,Far from streets
106627,197741.0,,638561.0,S,9.0,SINGAPORE,SINGAPORE,,902180676.0,116147191.0,1.33662,103.6386,1.33624,103.63894,14,WILHELM,TUAS LINK 2,TUAS LINK 2,N,235,0.012944,103.6452,1.32491,True,103.63894,1.33624,0.005689,0.002489,2999,0.209602,True,True,True,False,-1,110.00%,Very High,INCORRECT,Far from streets; Isolated from other POIs; Spatial clustering outlier
65890,232763.0,,518798.0,S,8.0,SINGAPORE,SINGAPORE,,924941300.0,924941300.0,1.37668,103.93563,1.37672,103.93566,20,MERIDIAN PRIMARY SCHOOL,PASIR RIS ST 71,PASIR RIS ST 71,N,5115,0.001056,103.93497,1.37752,True,103.93566,1.37672,0.006879,0.000561,2999,0.095106,True,True,True,False,-1,95.00%,Very High,INCORRECT,Isolated from other POIs; Spatial clustering outlier
40767,250291.0,,768227.0,S,8.0,SINGAPORE,SINGAPORE,,762719842.0,762719842.0,1.4176,103.84695,1.41792,103.84738,82,THE SHAUGHNESSY,MILTONIA CLOS,MILTONIA CLOS,N,496,0.000412,103.847,1.41808,True,103.84738,1.41792,0.000397,0.002854,2999,0.079328,True,True,False,False,18,60.00%,Medium,INCORRECT,Far from streets
44673,224737.0,,518476.0,S,8.0,SINGAPORE,SINGAPORE,,836654488.0,836654488.0,1.36841,103.93037,1.36865,103.93021,800,HIAP TIEN KENG LENG POH TIAN TEMPLE,TAMPINES RD,TAMPINES RD,N,97,7.1e-05,103.9302,1.36858,True,103.93021,1.36865,0.00081,0.001642,2999,0.087034,False,False,True,True,-1,55.00%,Medium,INCORRECT,Far from streets; Spatial clustering outlier
26003,141112.0,,638103.0,S,8.0,SINGAPORE,SINGAPORE,,116146933.0,116146933.0,1.30921,103.63192,1.30941,103.63165,29,DATWYLER CABLES,TECH PARK CRES,TECH PARK CRES,N,4149,0.008664,103.6266,1.30237,True,103.63165,1.30941,0.003515,0.003489,2999,0.218834,True,True,False,False,28,60.00%,Medium,INCORRECT,Far from streets
61004,220675.0,,520367.0,S,8.0,SINGAPORE,SINGAPORE,,915269942.0,915269942.0,1.35817,103.96046,1.35834,103.96027,367,,TAMPINES ST 34,TAMPINES ST 34,Y,2937,0.003457,103.9571,1.35972,True,103.96027,1.35834,0.004212,0.000728,2999,0.113472,False,True,False,True,6,45.00%,Medium,INCORRECT,Isolated from other POIs
33694,169043.0,,339940.0,S,8.0,SINGAPORE,SINGAPORE,,116160042.0,116160042.0,1.31627,103.8625,1.31648,103.86225,70,LUZERNE,BENDEMEER RD,BENDEMEER RD,N,2753,0.000672,103.8629,1.31665,True,103.86225,1.31648,0.003248,0.000698,2999,0.026031,False,True,False,True,0,45.00%,Medium,INCORRECT,Normal spatial pattern
95421,192819.0,,367831.0,S,9.0,SINGAPORE,SINGAPORE,,116165102.0,116165102.0,1.33921,103.8774,1.33921,103.8774,5,,VERNON PARK,VERNON PARK,N,-1,-1.0,-1.0,-1.0,True,103.8774,1.33921,0.003091,0.000141,2999,0.028878,False,True,False,True,0,45.00%,Medium,INCORRECT,Normal spatial pattern
97862,131560.0,,118427.0,S,9.0,SINGAPORE,SINGAPORE,,762728903.0,880526305.0,1.29098,103.7812,1.29096,103.7812,31,,PRINCE GEORGE'S PARK,PRINCE GEORGE'S PARK,N,-1,-1.0,-1.0,-1.0,True,103.7812,1.29096,0.005986,0.000671,2999,0.082478,True,True,True,True,-1,120.00%,Very High,INCORRECT,Isolated from other POIs; Spatial clustering outlier
40146,236204.0,,798127.0,S,8.0,SINGAPORE,SINGAPORE,,761638127.0,761638127.0,1.39124,103.8662,1.39128,103.86621,27,,SELETAR WEST FARMWAY 1,SELETAR WEST FARMWAY 1,N,5947,0.002404,103.8685,1.39201,True,103.86621,1.39128,0.002634,0.00261,2999,0.055568,True,True,False,False,5,60.00%,Medium,INCORRECT,Far from streets
118628,231856.0,,541102.0,S,9.0,SINGAPORE,SINGAPORE,,940826183.0,917011845.0,1.38216,103.90003,1.38213,103.90056,102A,,RIVERVALE WALK,RIVERVALE WALK,Y,406,0.001624,103.8995,1.3809,True,103.90056,1.38213,0.00582,0.000512,2999,0.067839,True,True,False,False,40,65.00%,High,INCORRECT,Isolated from other POIs
40826,249792.0,,768286.0,S,8.0,SINGAPORE,SINGAPORE,,762719842.0,762719843.0,1.41723,103.8473,1.41723,103.8473,200,SHAUGHNESSY,MILTONIA CLOS,MILTONIA CLOS,N,-1,-1.0,-1.0,-1.0,True,103.8473,1.41723,3e-05,0.003548,2999,0.078639,True,True,False,False,18,60.00%,Medium,INCORRECT,Far from streets
48338,205158.0,,609517.0,S,8.0,SINGAPORE,SINGAPORE,,866662619.0,866662619.0,1.34602,103.73043,1.34601,103.73047,21,JURONG EAST SPORTS COMPLEX,JURONG EAST ST 31,JURONG EAST ST 31,N,5278,0.003781,103.7339,1.34442,True,103.73047,1.34601,0.006901,0.000842,2999,0.118291,True,True,False,False,37,65.00%,High,INCORRECT,Isolated from other POIs
69495,247526.0,,760393.0,S,8.0,SINGAPORE,SINGAPORE,,932551270.0,932551270.0,1.42852,103.84851,1.42836,103.8486,393,,YISHUN AVE 6,YISHUN AVE 6,Y,5751,0.001226,103.8474,1.42811,True,103.8486,1.42836,0.009969,0.000351,2999,0.08976,True,True,True,False,-1,95.00%,Very High,INCORRECT,Isolated from other POIs; Spatial clustering outlier
97189,134975.0,,139297.0,S,9.0,SINGAPORE,SINGAPORE,,754328864.0,754328866.0,1.30093,103.7873,1.30092,103.7873,6,,PORTSDOWN RD,PORTSDOWN RD,N,-1,-1.0,-1.0,-1.0,True,103.7873,1.30092,0.004673,0.000255,2999,0.071894,True,True,True,False,-1,75.00%,High,INCORRECT,Isolated from other POIs; Spatial clustering outlier
544,158669.0,,629429.0,S,7.0,SINGAPORE,SINGAPORE,,901954579.0,715258867.0,1.31477,103.65979,1.3154,103.66037,35,OMG ELECTRONIC CHEMICALS,GUL LN,GUL CRES,N,5939,0.003812,103.6574,1.31301,True,103.66037,1.3154,0.001335,0.003278,2999,0.189583,True,True,False,False,35,60.00%,Medium,INCORRECT,Far from streets
3288,191121.0,,639507.0,S,8.0,SINGAPORE,SINGAPORE,,116131940.0,116131940.0,1.32873,103.65288,1.32907,103.6532,63,PPG INDUSTRIES,TUAS AVE 1,TUAS AVE 1,N,4646,0.002935,103.6508,1.33076,True,103.6532,1.32907,0.0018,0.001323,2999,0.195561,True,True,False,False,14,45.00%,Medium,INCORRECT,Normal spatial pattern
110498,224501.0,,560232.0,S,9.0,SINGAPORE,SINGAPORE,,924214697.0,924214704.0,1.36834,103.83722,1.3683,103.83692,232,,ANG MO KIO AVE 3,ANG MO KIO AVE 3,Y,5034,0.001989,103.8389,1.36849,True,103.83692,1.3683,0.003855,0.000533,2999,0.031888,False,True,False,True,5,45.00%,Medium,INCORRECT,Isolated from other POIs
82569,244628.0,,805121.0,S,8.0,SINGAPORE,SINGAPORE,,947411967.0,947411967.0,1.38019,103.87314,1.38013,103.87314,18,LUXUS HILLS,SELETAR GREEN VW,SELETAR GREEN VW,N,1842,0.003926,103.8695,1.3816,True,103.87314,1.38013,0.0003,0.003526,2999,0.048275,True,True,False,True,5,85.00%,Very High,INCORRECT,Far from streets
108344,194222.0,,600238.0,S,9.0,SINGAPORE,SINGAPORE,,914151088.0,718182664.0,1.34075,103.74054,1.3405,103.74045,238,,JURONG EAST ST 21,JURONG EAST ST 21,Y,2425,0.004421,103.7387,1.33644,True,103.74045,1.3405,0.007526,0.000355,2999,0.108095,True,True,True,False,-1,95.00%,Very High,INCORRECT,Isolated from other POIs; Spatial clustering outlier
79224,125080.0,,99954.0,S,8.0,SINGAPORE,SINGAPORE,,940187626.0,940187626.0,1.25005,103.82732,1.25007,103.82735,31,,ARTILLERY AVE,ARTILLERY AVE,N,3355,0.006757,103.8239,1.25588,True,103.82735,1.25007,0.001721,0.000821,2999,0.091028,False,False,True,True,-1,55.00%,Medium,INCORRECT,Spatial clustering outlier
12331,124907.0,,99452.0,S,8.0,SINGAPORE,SINGAPORE,,116138454.0,116138454.0,1.26924,103.82766,1.26957,103.82739,517,KEPPEL DISTRIPARK,KG BAHRU RD,KG BAHRU RD,N,4238,0.002332,103.8273,1.2719,True,103.82739,1.26957,0.003566,0.00058,2999,0.072194,False,True,False,True,0,45.00%,Medium,INCORRECT,Isolated from other POIs
60937,245044.0,,757463.0,S,8.0,SINGAPORE,SINGAPORE,,915159161.0,915159161.0,1.44844,103.79397,1.44843,103.79406,33,Nordix,WOODLANDS IND PARK E2,WOODLANDS IND PARK E2,N,609,0.002723,103.7954,1.4508,True,103.79406,1.44843,0.002599,0.002251,2999,0.122594,False,True,True,False,-1,65.00%,High,INCORRECT,Far from streets; Spatial clustering outlier
6364,152032.0,,458671.0,S,8.0,SINGAPORE,SINGAPORE,,116133247.0,116133247.0,1.3112,103.93146,1.3112,103.93143,17,,ELLIOT WALK,ELLIOT WALK,N,1294,4.2e-05,103.9314,1.31117,True,103.93143,1.3112,0.001217,0.002769,2999,0.087313,True,True,False,False,0,60.00%,Medium,INCORRECT,Far from streets
80107,185302.0,,299479.0,S,8.0,SINGAPORE,SINGAPORE,,940449218.0,940449218.0,1.33206,103.82812,1.332,103.82842,3,,GYMKHANA AVE,GYMKHANA AVE,N,5606,0.005877,103.8332,1.32858,True,103.82842,1.332,0.006258,0.000858,2999,0.021164,True,True,True,True,-1,120.00%,Very High,INCORRECT,Isolated from other POIs; Spatial clustering outlier
48773,134075.0,,638022.0,S,8.0,SINGAPORE,SINGAPORE,,872534405.0,872534405.0,1.30325,103.62876,1.30326,103.62872,19,WESTERN DIGITAL,TUAS SOUTH ST 3,TUAS SOUTH ST 3,N,4149,0.002299,103.6266,1.30237,True,103.62872,1.30326,0.00199,0.00194,2999,0.222631,True,True,False,False,19,45.00%,Medium,INCORRECT,Far from streets
113713,183332.0,,463219.0,S,9.0,SINGAPORE,SINGAPORE,,936800928.0,762480913.0,1.32534,103.9335,1.32562,103.93343,219B,,BEDOK CENTRAL,BEDOK CENTRAL,Y,5298,0.001157,103.9323,1.32537,True,103.93343,1.32562,0.007488,0.000891,2999,0.085888,True,True,True,True,-1,120.00%,Very High,INCORRECT,Isolated from other POIs; Spatial clustering outlier
37768,203936.0,,521134.0,S,8.0,SINGAPORE,SINGAPORE,,718103250.0,718103250.0,1.34453,103.94653,1.34438,103.94666,134,TAMPINES COURT,TAMPINES ST 11,TAMPINES ST 11,Y,3185,0.001477,103.9454,1.34361,True,103.94666,1.34438,0.00441,0.000269,2999,0.098302,True,True,False,True,0,70.00%,High,INCORRECT,Isolated from other POIs
3183,183311.0,,638644.0,S,8.0,SINGAPORE,SINGAPORE,,116131877.0,116131877.0,1.32533,103.65657,1.32462,103.65695,9,SEW-EURODRIVE,TUAS DR 2,TUAS DR 2,N,1180,0.00261,103.6548,1.32314,True,103.65695,1.32462,0.003471,0.000637,2999,0.192088,True,True,False,False,14,45.00%,Medium,INCORRECT,Normal spatial pattern
56284,186639.0,,639150.0,S,8.0,SINGAPORE,SINGAPORE,,905372876.0,905372876.0,1.33307,103.64988,1.33302,103.64983,30,FREIGHT LINKS EXPRESS,TUAS AVE 10,TUAS AVE 10,N,4646,0.002459,103.6508,1.33076,True,103.64983,1.33302,0.001807,0.002597,2999,0.198777,True,True,True,False,-1,90.00%,Very High,INCORRECT,Far from streets; Spatial clustering outlier
68111,234131.0,,805250.0,S,8.0,SINGAPORE,SINGAPORE,,927410121.0,927410121.0,1.38012,103.87414,1.38016,103.87414,18,,SELETAR GREEN WALK,SELETAR GREEN WALK,N,701,0.004505,103.8769,1.38372,True,103.87414,1.38016,0.000311,0.002578,2999,0.048818,True,True,False,False,5,60.00%,Medium,INCORRECT,Far from streets
3114,181268.0,,628985.0,S,8.0,SINGAPORE,SINGAPORE,,116131801.0,116131801.0,1.32643,103.67134,1.32573,103.67132,32,MULTI-WAYS EQUIPMENT,JOO KOON RD,JOO KOON RD,N,2692,0.001892,103.6699,1.32448,True,103.67132,1.32573,0.004474,0.002369,2999,0.177675,True,True,True,False,-1,90.00%,Very High,INCORRECT,Far from streets; Isolated from other POIs; Spatial clustering outlier
28217,249225.0,,729921.0,S,8.0,SINGAPORE,SINGAPORE,,116149236.0,116149236.0,1.40593,103.75801,1.40592,103.75772,84,MACPHERSON INDUSTRIAL ESTATE,MANDAI ESTE,MANDAI ESTE,N,1366,0.001263,103.7571,1.40702,True,103.75772,1.40592,0.005678,0.001731,2999,0.11304,True,True,True,False,-1,95.00%,Very High,INCORRECT,Far from streets; Isolated from other POIs; Spatial clustering outlier
119005,250074.0,,768687.0,S,9.0,SINGAPORE,SINGAPORE,,945294749.0,945294753.0,1.41735,103.83016,1.41771,103.83087,651,PEIYING PRIMARY SCHOOL,YISHUN RING RD,YISHUN RING RD,N,3360,0.004034,103.8349,1.41754,True,103.83087,1.41771,0.004814,0.000863,2999,0.081057,True,True,False,False,41,45.00%,Medium,INCORRECT,Isolated from other POIs
68278,222905.0,,530648.0,S,8.0,SINGAPORE,SINGAPORE,,929377899.0,929377899.0,1.37213,103.8798,1.37199,103.87977,648,,HOUGANG AVE 8,HOUGANG AVE 8,Y,5220,0.003255,103.8828,1.3708,True,103.87977,1.37199,0.003411,0.00044,2999,0.045727,False,True,False,True,0,45.00%,Medium,INCORRECT,Normal spatial pattern
68680,165257.0,,608544.0,S,8.0,SINGAPORE,SINGAPORE,,930665144.0,930665144.0,1.31797,103.73259,1.31797,103.73261,17,,PENJURU WALK,PENJURU WALK,N,2970,0.002366,103.7316,1.31583,True,103.73261,1.31797,0.005512,0.002265,2999,0.11774,True,True,True,True,-1,135.00%,Very High,INCORRECT,Far from streets; Isolated from other POIs; Spatial clustering outlier
97895,214197.0,,534392.0,S,9.0,SINGAPORE,SINGAPORE,,766668550.0,924144952.0,1.35069,103.8992,1.35069,103.8992,500,,AIRPORT RD,AIRPORT RD,N,4756,0.007784,103.8921,1.3475,True,103.8992,1.35069,0.006265,0.000864,2999,0.052094,True,True,False,True,0,90.00%,Very High,INCORRECT,Isolated from other POIs
40172,177648.0,,629985.0,S,8.0,SINGAPORE,SINGAPORE,,761655945.0,761655945.0,1.32083,103.68916,1.32078,103.68916,3,SCHLUMBERGER,BENOI CRES,BENOI CRES,N,3751,0.004947,103.6845,1.32244,True,103.68916,1.32078,0.00472,0.003568,2999,0.160361,True,True,True,False,-1,90.00%,Very High,INCORRECT,Far from streets; Isolated from other POIs; Spatial clustering outlier
40937,250255.0,,768193.0,S,8.0,SINGAPORE,SINGAPORE,,762719843.0,762719843.0,1.41737,103.84728,1.41752,103.84748,14,THE SHAUGHNESSY,MILTONIA CLOS,MILTONIA CLOS,N,556,0.00031,103.8474,1.41722,True,103.84748,1.41752,0.00031,0.003238,2999,0.078927,True,True,False,False,18,60.00%,Medium,INCORRECT,Far from streets
53242,161390.0,,629418.0,S,8.0,SINGAPORE,SINGAPORE,,897602538.0,897602538.0,1.31319,103.66344,1.31279,103.66314,24,ISOCHEM INTERNATIONAL,GUL LN,GUL LN,N,4029,0.003706,103.6641,1.31637,True,103.66314,1.31279,0.002349,0.001614,2999,0.187176,True,True,False,False,35,45.00%,Medium,INCORRECT,Far from streets
33361,190386.0,,596222.0,S,8.0,SINGAPORE,SINGAPORE,,116158594.0,116158594.0,1.33068,103.75816,1.33084,103.75781,1,SANYO SINGAPORE,TOH TUCK LINK,TOH TUCK LINK,N,664,0.001405,103.7582,1.32949,True,103.75781,1.33084,0.00248,0.002252,2999,0.09105,False,True,False,True,0,60.00%,Medium,INCORRECT,Far from streets
106038,221051.0,,520737.0,S,9.0,SINGAPORE,SINGAPORE,,901812021.0,925145057.0,1.35894,103.93399,1.35871,103.93393,737,,TAMPINES ST 72,TAMPINES ST 72,Y,-1,-1.0,-1.0,-1.0,True,103.93393,1.35871,0.003438,0.00061,2999,0.087737,False,True,False,True,2,45.00%,Medium,INCORRECT,Normal spatial pattern
58387,124989.0,,90106.0,S,8.0,SINGAPORE,SINGAPORE,,914010282.0,914010282.0,1.273,103.82563,1.27317,103.8256,106,,BUKIT PURMEI RD,BUKIT PURMEI RD,Y,4238,0.002122,103.8273,1.2719,True,103.8256,1.27317,0.002753,0.00025,2999,0.069331,False,True,False,True,0,45.00%,Medium,INCORRECT,Normal spatial pattern
49084,141113.0,,609192.0,S,8.0,SINGAPORE,SINGAPORE,,875101286.0,875101286.0,1.30921,103.73706,1.30843,103.7368,12,AEI CORPORATION,PENJURU LN,PENJURU LN,N,1123,0.003617,103.73828,1.30513,True,103.7368,1.30843,0.005076,0.00217,2999,0.11573,True,True,True,True,-1,135.00%,Very High,INCORRECT,Far from streets; Isolated from other POIs; Spatial clustering outlier
97269,151085.0,,469978.0,S,9.0,SINGAPORE,SINGAPORE,,754536861.0,754536861.0,1.31224,103.9392,1.31224,103.9392,52,BAYSHORE PARK,BAYSHORE RD,BAYSHORE RD,N,-1,-1.0,-1.0,-1.0,True,103.9392,1.31224,0.003532,0.000117,2999,0.094426,False,True,False,True,0,45.00%,Medium,INCORRECT,Normal spatial pattern
36939,241983.0,,698985.0,S,8.0,SINGAPORE,SINGAPORE,,116175400.0,116175400.0,1.38959,103.73198,1.38964,103.73168,82,,SUNGEI TENGAH RD,SUNGEI TENGAH RD,N,5248,0.002563,103.7303,1.3918,True,103.73168,1.38964,0.005906,0.007002,2999,0.127509,True,True,True,True,-1,135.00%,Very High,INCORRECT,Far from streets; Isolated from other POIs; Spatial clustering outlier
39155,241377.0,,806217.0,S,8.0,SINGAPORE,SINGAPORE,,753837149.0,753837149.0,1.38859,103.85428,1.38871,103.85441,93,,SUNRISE TER,SUNRISE TER,N,1840,0.000117,103.8543,1.38875,True,103.85441,1.38871,0.001717,0.002674,2999,0.050454,True,True,False,False,5,60.00%,Medium,INCORRECT,Far from streets
50901,148724.0,,629564.0,S,8.0,SINGAPORE,SINGAPORE,,895375656.0,895375656.0,1.31285,103.67372,1.31223,103.67363,8,PEAKMORE ENTERPRISE,GUL CIR,GUL CIR,N,799,0.003711,103.6768,1.31416,True,103.67363,1.31223,0.00446,0.003448,2999,0.176875,True,True,False,False,42,60.00%,Medium,INCORRECT,Far from streets; Isolated from other POIs
2808,197994.0,,637952.0,S,8.0,SINGAPORE,SINGAPORE,,116131685.0,116131685.0,1.33747,103.69164,1.33734,103.69155,63,,YUNNAN DR 3,YUNNAN DR 3,N,764,0.003551,103.6927,1.3407,True,103.69155,1.33734,0.000546,0.000573,2999,0.156983,True,True,False,False,4,45.00%,Medium,INCORRECT,Normal spatial pattern
3246,157484.0,,629376.0,S,8.0,SINGAPORE,SINGAPORE,,116131914.0,116131914.0,1.31466,103.66199,1.31495,103.66174,6,MCGEAN-ROHCO,GUL LINK,GUL LINK,N,4029,0.002754,103.6641,1.31637,True,103.66174,1.31495,0.000354,0.003107,2999,0.18828,True,True,False,False,35,60.00%,Medium,INCORRECT,Far from streets
58181,128071.0,,18973.0,S,8.0,SINGAPORE,SINGAPORE,,913949264.0,913949264.0,1.28179,103.85875,1.28179,103.85878,4,MARINA BAY SANDS (THEATRE),BAYFRONT AVE,BAYFRONT AVE,N,4232,0.006203,103.8527,1.28302,True,103.85878,1.28179,0.005051,0.001066,2999,0.057728,True,True,False,True,0,90.00%,Very High,INCORRECT,Isolated from other POIs
118922,167923.0,,639572.0,S,9.0,SINGAPORE,SINGAPORE,,944978047.0,944978047.0,1.31725,103.6533,1.31709,103.6531,65C,,PIONEER RD,PIONEER RD,N,-1,-1.0,-1.0,-1.0,True,103.6531,1.31709,0.004784,0.00438,2999,0.196608,True,True,True,False,-1,90.00%,Very High,INCORRECT,Far from streets; Isolated from other POIs; Spatial clustering outlier
3201,164866.0,,629595.0,S,8.0,SINGAPORE,SINGAPORE,,116131889.0,116131889.0,1.31927,103.66713,1.31971,103.66716,128,CUBITT ENGINEERING,GUL CIR,GUL CIR,N,1181,0.000422,103.6668,1.31949,True,103.66716,1.31971,0.003972,0.001969,2999,0.182349,True,True,False,False,36,45.00%,Medium,INCORRECT,Far from streets; Isolated from other POIs
10444,226426.0,,557512.0,S,8.0,SINGAPORE,SINGAPORE,,116136158.0,116136158.0,1.3677,103.86716,1.3677,103.86738,31,SERANGOON GARDEN ESTATE,HYTHE RD,HYTHE RD,N,2179,0.001906,103.8689,1.36885,True,103.86738,1.3677,0.000888,0.002656,2999,0.034673,True,True,False,False,0,60.00%,Medium,INCORRECT,Far from streets
84940,211924.0,,649656.0,S,9.0,SINGAPORE,SINGAPORE,,116131478.0,116131478.0,1.35319,103.7329,1.35319,103.7329,67Q,,JURONG RD TRACK 20,JURONG RD TRACK 20,N,-1,-1.0,-1.0,-1.0,True,103.7329,1.35319,0.00758,0.002563,2999,0.116545,True,True,True,False,-1,110.00%,Very High,INCORRECT,Far from streets; Isolated from other POIs; Spatial clustering outlier
100090,249897.0,,757757.0,S,9.0,SINGAPORE,SINGAPORE,,840292426.0,116176465.0,1.42196,103.82426,1.42108,103.82477,319,,SEMBAWANG RD,SEMBAWANG RD,N,1834,0.00138,103.8251,1.41974,True,103.82477,1.42108,0.004145,0.00456,2999,0.085833,True,True,False,True,1,85.00%,Very High,INCORRECT,Far from streets; Isolated from other POIs
99819,237664.0,,729643.0,S,9.0,SINGAPORE,SINGAPORE,,834252688.0,834252688.0,1.40092,103.75522,1.40141,103.75427,6,SUNGEI KADUT INDUSTRIAL ESTATE,SUNGEI KADUT AVE,SUNGEI KADUT AVE,N,5252,0.004957,103.7495,1.40006,True,103.75427,1.40141,0.002637,0.002688,2999,0.113268,True,True,False,False,20,60.00%,Medium,INCORRECT,Far from streets
54344,139638.0,,637827.0,S,8.0,SINGAPORE,SINGAPORE,,901417286.0,901417286.0,1.29337,103.62395,1.29333,103.62394,32,,TUAS SOUTH ST 5,TUAS SOUTH ST 5,N,4381,0.006954,103.6293,1.29776,True,103.62394,1.29333,8.5e-05,0.000709,2999,0.229105,True,True,True,False,-1,75.00%,High,INCORRECT,Spatial clustering outlier
99521,130845.0,,881046.0,S,9.0,SINGAPORE,SINGAPORE,,833606328.0,116166440.0,1.28824,103.8522,1.2881,103.85237,,SIR STAMFORD RAFFLES STATUTE,FULLERTON RD,FULLERTON RD,N,2810,0.000805,103.8528,1.28878,True,103.85237,1.2881,0.003055,0.0,2999,0.050646,False,True,False,True,0,45.00%,Medium,INCORRECT,Normal spatial pattern
100999,165643.0,,307853.0,S,9.0,SINGAPORE,SINGAPORE,,855259041.0,860673799.0,1.31857,103.85038,1.31864,103.85032,110B,,SHREWSBURY RD,SHREWSBURY RD,N,737,0.001456,103.8489,1.31832,True,103.85032,1.31864,0.004018,0.000208,2999,0.02004,False,True,False,True,0,45.00%,Medium,INCORRECT,Isolated from other POIs
37869,218458.0,,520463.0,S,8.0,SINGAPORE,SINGAPORE,,718135228.0,718135228.0,1.35925,103.95477,1.35943,103.95477,463,,TAMPINES ST 44,TAMPINES ST 44,Y,5908,0.001044,103.9558,1.35926,True,103.95477,1.35943,0.003758,0.000623,2999,0.108264,False,True,False,True,6,45.00%,Medium,INCORRECT,Isolated from other POIs
12322,173722.0,,409628.0,S,8.0,SINGAPORE,SINGAPORE,,116137877.0,116137877.0,1.32218,103.89651,1.32196,103.89655,1049,,EUNOS AVE 6,EUNOS AVE 6,Y,907,0.000762,103.8963,1.32268,True,103.89655,1.32196,0.004675,0.000598,2999,0.050823,True,True,False,True,0,70.00%,High,INCORRECT,Isolated from other POIs
59136,203237.0,,640208.0,S,8.0,SINGAPORE,SINGAPORE,,914088047.0,914088047.0,1.3472,103.71451,1.34696,103.71466,208,BOON LAY PLACE,BOON LAY PL,BOON LAY PL,Y,2572,0.001886,103.7128,1.34665,True,103.71466,1.34696,0.004592,0.000467,2999,0.134129,True,True,True,False,-1,75.00%,High,INCORRECT,Isolated from other POIs; Spatial clustering outlier
60846,203169.0,,639735.0,S,8.0,SINGAPORE,SINGAPORE,,915014225.0,915014225.0,1.34682,103.68428,1.3469,103.68413,58,NANYANG TECHNOLOGICAL UNVRSTY,NANYANG TER,NANYANG TER,N,4918,0.000702,103.6838,1.34752,True,103.68413,1.3469,0.005747,0.000542,2999,0.164608,True,True,True,True,-1,120.00%,Very High,INCORRECT,Isolated from other POIs; Spatial clustering outlier
92081,158144.0,,628037.0,S,9.0,SINGAPORE,SINGAPORE,,116148743.0,763570589.0,1.31457,103.6959,1.3151,103.6959,4A,,TG KLING RD,TG KLING RD,N,-1,-1.0,-1.0,-1.0,True,103.6959,1.3151,0.004943,0.00031,2999,0.154427,True,True,False,True,43,70.00%,High,INCORRECT,Isolated from other POIs
80081,196658.0,,299962.0,S,8.0,SINGAPORE,SINGAPORE,,940449207.0,940449207.0,1.33602,103.83437,1.33585,103.83435,45,CALDECOTT HILL ESTATE,ANDREW RD,ANDREW RD,N,5602,0.001275,103.8332,1.3364,True,103.83435,1.33585,0.000649,0.000778,2999,0.014442,False,False,True,True,-1,55.00%,Medium,INCORRECT,Spatial clustering outlier
59029,212960.0,,499258.0,S,8.0,SINGAPORE,SINGAPORE,,914036503.0,914036503.0,1.35345,103.96914,1.35349,103.96933,12,BENA PARK,JALAN PERNAMA,JALAN PERNAMA,N,3357,0.00243,103.9669,1.35352,True,103.96933,1.35349,0.003048,0.000716,2999,0.121716,False,True,True,True,-1,75.00%,High,INCORRECT,Spatial clustering outlier
118653,244343.0,,758129.0,S,9.0,SINGAPORE,SINGAPORE,,940968165.0,940968165.0,1.46728,103.80391,1.46761,103.80375,68A,WOODLANDS EAST INDUSTRIAL ESTATE,SENOKO RD,SENOKO RD,N,5023,0.01054,103.8117,1.46069,True,103.80375,1.46761,0.004276,0.003488,2999,0.13656,True,True,True,False,-1,90.00%,Very High,INCORRECT,Far from streets; Isolated from other POIs; Spatial clustering outlier
112853,236731.0,,797697.0,S,9.0,SINGAPORE,SINGAPORE,,926990172.0,926990172.0,1.39809,103.8815,1.39803,103.88149,60,,ANCHORVALE ST,ANCHORVALE ST,N,5819,0.006082,103.8799,1.39216,True,103.88149,1.39803,0.008146,0.001715,2999,0.067959,True,True,True,False,-1,95.00%,Very High,INCORRECT,Far from streets; Isolated from other POIs; Spatial clustering outlier
104164,131984.0,,118235.0,S,9.0,SINGAPORE,SINGAPORE,,895154620.0,868014972.0,1.29091,103.7878,1.29189,103.788,55,,SCIENCE PARK DR,SCIENCE PARK DR,N,-1,-1.0,-1.0,-1.0,True,103.788,1.29189,0.006863,0.001728,2999,0.076456,True,True,True,True,-1,120.00%,Very High,INCORRECT,Far from streets; Isolated from other POIs; Spatial clustering outlier
56280,186884.0,,639520.0,S,8.0,SINGAPORE,SINGAPORE,,905281366.0,905281366.0,1.33342,103.64784,1.33382,103.64821,89,PIRTEK,TUAS AVE 1,TUAS AVE 1,N,4646,0.004009,103.6508,1.33076,True,103.64821,1.33382,0.001807,0.002341,2999,0.200375,True,True,True,False,-1,90.00%,Very High,INCORRECT,Far from streets; Spatial clustering outlier
82260,248550.0,,769877.0,S,8.0,SINGAPORE,SINGAPORE,,945011858.0,945011858.0,1.43898,103.82837,1.4388,103.8285,33,SEMBAWANG SPRINGS ESTATE,JALAN HIKAYAT,JALAN HIKAYAT,N,5750,0.000212,103.8287,1.43887,True,103.8285,1.4388,0.000535,0.002539,2999,0.102182,True,True,False,False,16,60.00%,Medium,INCORRECT,Far from streets
106050,132016.0,,637620.0,S,9.0,SINGAPORE,SINGAPORE,,901885572.0,897330049.0,1.30066,103.62683,1.30114,103.62645,81,A PLUS GLASS,TUAS VIEW WALK 1,TUAS VIEW WALK 1,N,4150,0.000552,103.6265,1.30169,True,103.62645,1.30114,0.002254,0.000982,2999,0.225215,True,True,False,False,19,45.00%,Medium,INCORRECT,Normal spatial pattern
36163,148392.0,,608614.0,S,8.0,SINGAPORE,SINGAPORE,,116166424.0,116166424.0,1.31282,103.7297,1.31321,103.72983,6,MARSHAL MICROTECH,PENJURU CLOS,PENJURU CLOS,N,2970,0.003162,103.7316,1.31583,True,103.72983,1.31321,0.00068,0.000441,2999,0.121383,False,False,True,True,-1,55.00%,Medium,INCORRECT,Spatial clustering outlier
56610,229535.0,,519317.0,S,8.0,SINGAPORE,SINGAPORE,,906503243.0,906503243.0,1.38297,103.92769,1.38293,103.92773,20,THE PET HOTEL,PASIR RIS FARMWAY 2,PASIR RIS FARMWAY 2,N,5114,0.002763,103.9252,1.38404,True,103.92773,1.38293,0.000438,0.000364,2999,0.090764,False,False,True,True,-1,55.00%,Medium,INCORRECT,Spatial clustering outlier
26374,165386.0,,629629.0,S,8.0,SINGAPORE,SINGAPORE,,116147888.0,116147888.0,1.31838,103.67617,1.3184,103.67659,180,PERFORMANCE OIL,GUL CIR,GUL CIR,N,799,0.004245,103.6768,1.31416,True,103.67659,1.3184,0.006474,0.004937,2999,0.173121,True,True,False,False,36,80.00%,High,INCORRECT,Far from streets; Isolated from other POIs
112881,250084.0,,710005.0,S,9.0,SINGAPORE,SINGAPORE,,927981414.0,927981414.0,1.42206,103.70394,1.42225,103.70352,5,,LIM CHU KANG RD,LIM CHU KANG RD,Y,1415,0.003642,103.7058,1.42509,True,103.70352,1.42225,0.013385,0.004971,2999,0.167406,True,True,True,True,-1,135.00%,Very High,INCORRECT,Far from streets; Isolated from other POIs; Spatial clustering outlier
119038,248405.0,,768645.0,S,9.0,SINGAPORE,SINGAPORE,,945466012.0,717435241.0,1.43135,103.833,1.43093,103.83334,3,SEMBAWANG TAMIL METHODIST CHURCH,YISHUN ST 11,YISHUN ST 11,N,5756,0.001363,103.8329,1.43222,True,103.83334,1.43093,0.003536,0.001267,2999,0.093571,False,True,False,True,1,45.00%,Medium,INCORRECT,Normal spatial pattern
80289,245446.0,,730017.0,S,8.0,SINGAPORE,SINGAPORE,,940494224.0,940494224.0,1.44263,103.77772,1.44292,103.77774,17,,MARSILING LN,MARSILING LN,Y,5610,0.002176,103.7788,1.44102,True,103.77774,1.44292,0.002766,0.00034,2999,0.12607,False,True,True,True,-1,75.00%,High,INCORRECT,Spatial clustering outlier
91813,143297.0,,627792.0,S,9.0,SINGAPORE,SINGAPORE,,116147181.0,116147181.0,1.30828,103.67568,1.30829,103.67572,35C,,BENOI RD,BENOI RD,N,799,0.005969,103.6768,1.31416,True,103.67572,1.30829,0.003818,0.003049,2999,0.175446,True,True,False,False,42,60.00%,Medium,INCORRECT,Far from streets; Isolated from other POIs
110371,244386.0,,758060.0,S,9.0,SINGAPORE,SINGAPORE,,921098372.0,921098369.0,1.47005,103.81443,1.46969,103.81453,27,AFMA,SENOKO WAY,SENOKO WAY,N,2319,0.005615,103.8139,1.46411,True,103.81453,1.46969,0.009296,0.000595,2999,0.135427,True,True,True,True,-1,120.00%,Very High,INCORRECT,Isolated from other POIs; Spatial clustering outlier
95766,248464.0,,739443.0,S,9.0,SINGAPORE,SINGAPORE,,116173276.0,116173276.0,1.43595,103.74811,1.43592,103.7481,18A,,KRANJI WAY,KRANJI WAY,N,2338,0.00273,103.7481,1.43319,True,103.7481,1.43592,0.003972,0.002393,2999,0.139846,False,True,False,True,39,60.00%,Medium,INCORRECT,Far from streets; Isolated from other POIs
97291,154381.0,,457027.0,S,9.0,SINGAPORE,SINGAPORE,,754536868.0,754536868.0,1.31056,103.92934,1.31055,103.92919,2C,,KEE SUN AVE,KEE SUN AVE,N,266,0.001495,103.9294,1.31203,True,103.92919,1.31055,0.001703,0.002623,2999,0.0854,True,True,False,False,0,60.00%,Medium,INCORRECT,Far from streets
55315,144983.0,,638060.0,S,8.0,SINGAPORE,SINGAPORE,,901948489.0,901948489.0,1.30767,103.62864,1.30768,103.62859,7,DECOR INDUSTRIES,TUAS SOUTH ST 1,TUAS SOUTH ST 1,N,4149,0.005671,103.6266,1.30237,True,103.62859,1.30768,0.002855,0.002783,2999,0.222101,True,True,False,False,28,60.00%,Medium,INCORRECT,Far from streets
60970,245182.0,,757501.0,S,8.0,SINGAPORE,SINGAPORE,,915159334.0,915159334.0,1.44962,103.79179,1.44966,103.79177,129,WOODLANDS E-TERRACE,WOODLANDS IND PARK E5,WOODLANDS IND PARK E5,N,609,0.003805,103.7954,1.4508,True,103.79177,1.44966,0.002599,0.002325,2999,0.124723,False,True,True,False,-1,65.00%,High,INCORRECT,Far from streets; Spatial clustering outlier
69758,220663.0,,569635.0,S,8.0,SINGAPORE,SINGAPORE,,938849028.0,938849028.0,1.35817,103.85636,1.35836,103.85643,4024,,ANG MO KIO IND PARK 1,ANG MO KIO IND PARK 1,Y,2932,0.002537,103.8551,1.3562,True,103.85643,1.35836,0.003226,0.000446,2999,0.021281,False,True,False,True,0,45.00%,Medium,INCORRECT,Normal spatial pattern
3242,160664.0,,629372.0,S,8.0,SINGAPORE,SINGAPORE,,116131914.0,116131914.0,1.3144,103.66179,1.31469,103.6615,2,EUREKA,GUL LINK,GUL LINK,N,4029,0.003096,103.6641,1.31637,True,103.6615,1.31469,0.00031,0.003024,2999,0.18855,True,True,False,False,35,60.00%,Medium,INCORRECT,Far from streets
100140,140696.0,,628500.0,S,9.0,SINGAPORE,SINGAPORE,,841573556.0,841573557.0,1.30973,103.67953,1.31026,103.68017,27,ANTARA KOH,PIONEER RD,PIONEER RD,N,799,0.005154,103.6768,1.31416,True,103.68017,1.31026,0.004867,0.001252,2999,0.170727,True,True,False,False,42,45.00%,Medium,INCORRECT,Isolated from other POIs
57300,230567.0,,698948.0,S,8.0,SINGAPORE,SINGAPORE,,909448270.0,909448270.0,1.38374,103.72199,1.38375,103.72204,61,,JALAN LEKAR,JALAN LEKAR,N,1412,0.007508,103.7259,1.39019,True,103.72204,1.38375,0.011297,0.000831,2999,0.134305,True,True,True,True,-1,120.00%,Very High,INCORRECT,Isolated from other POIs; Spatial clustering outlier
3162,164242.0,,639406.0,S,8.0,SINGAPORE,SINGAPORE,,116131874.0,116131874.0,1.31982,103.65635,1.32078,103.65724,7,AMERON,TUAS AVE 3,TUAS AVE 3,N,371,0.00266,103.6553,1.31896,True,103.65724,1.32078,0.001791,0.002844,2999,0.192116,True,True,False,False,14,60.00%,Medium,INCORRECT,Far from streets
41261,234680.0,,539748.0,S,8.0,SINGAPORE,SINGAPORE,,776634346.0,776634346.0,1.38009,103.88727,1.38007,103.88724,5,HOUGANG GREEN,BUANGKOK GRN,BUANGKOK GRN,N,5365,0.006999,103.881,1.38324,True,103.88724,1.38007,0.005048,0.000295,2999,0.05673,True,True,False,True,0,90.00%,Very High,INCORRECT,Isolated from other POIs
60803,221791.0,,539446.0,S,8.0,SINGAPORE,SINGAPORE,,914935466.0,914935466.0,1.35803,103.90134,1.35834,103.90136,21,AH LAM ENGINEERING WORKS,DEFU LANE 3,DEFU LANE 3,N,4926,0.000146,103.9015,1.3583,True,103.90136,1.35834,0.004511,0.001417,2999,0.056399,True,True,False,False,0,45.00%,Medium,INCORRECT,Isolated from other POIs
108640,211938.0,,641276.0,S,9.0,SINGAPORE,SINGAPORE,,914349269.0,914349269.0,1.3532,103.70363,1.35333,103.70363,276A,,JURONG WEST ST 25,JURONG WEST ST 25,Y,4132,0.002995,103.7052,1.35078,True,103.70363,1.35333,0.0031,0.00031,2999,0.145645,False,True,False,True,3,45.00%,Medium,INCORRECT,Normal spatial pattern
104477,161755.0,,628550.0,S,9.0,SINGAPORE,SINGAPORE,,895371953.0,895371953.0,1.31352,103.6916,1.31329,103.6913,11,,PIONEER CRES,PIONEER CRES,N,-1,-1.0,-1.0,-1.0,True,103.6913,1.31329,0.004943,0.002477,2999,0.159252,True,True,False,False,43,60.00%,Medium,INCORRECT,Far from streets; Isolated from other POIs
47889,138913.0,,126887.0,S,8.0,SINGAPORE,SINGAPORE,,864482195.0,864482195.0,1.29287,103.76278,1.29259,103.76344,52,MPA SINGAPORE,WEST COAST FERRY RD,WEST COAST FERRY RD,N,2149,0.003468,103.7657,1.29522,True,103.76344,1.29259,0.003377,0.001146,2999,0.096731,False,True,False,True,7,45.00%,Medium,INCORRECT,Normal spatial pattern
26060,133999.0,,608969.0,S,8.0,SINGAPORE,SINGAPORE,,116147010.0,116147010.0,1.30439,103.73915,1.3039,103.73909,3,COMMERCIAL SUPPLIES,TG PENJURU CRES,TG PENJURU CRES,N,216,0.00111,103.7383,1.30468,True,103.73909,1.3039,0.005076,0.002147,2999,0.114808,True,True,True,True,-1,135.00%,Very High,INCORRECT,Far from streets; Isolated from other POIs; Spatial clustering outlier
96106,202908.0,,570108.0,S,9.0,SINGAPORE,SINGAPORE,,717423565.0,923524220.0,1.34673,103.84739,1.347,103.84762,108,BISHAN VIEW,BISHAN ST 12,BISHAN ST 12,Y,5815,0.003265,103.8491,1.34409,True,103.84762,1.347,0.0029,0.000881,2999,0.008449,False,True,False,True,0,45.00%,Medium,INCORRECT,Normal spatial pattern
106353,165383.0,,637451.0,S,9.0,SINGAPORE,SINGAPORE,,901978252.0,901978252.0,1.31838,103.633,1.31837,103.633,78,,TUAS SOUTH AVE 2,TUAS SOUTH AVE 2,N,-1,-1.0,-1.0,-1.0,True,103.633,1.31837,0.005785,0.001045,2999,0.216476,True,True,True,False,-1,95.00%,Very High,INCORRECT,Isolated from other POIs; Spatial clustering outlier
113117,231939.0,,533981.0,S,9.0,SINGAPORE,SINGAPORE,,929887183.0,929887184.0,1.38048,103.87966,1.3806,103.8796,981C,,BUANGKOK CRES,BUANGKOK CRES,Y,5359,0.002838,103.8792,1.38341,True,103.8796,1.3806,0.00285,0.000564,2999,0.052244,False,True,False,True,5,45.00%,Medium,INCORRECT,Normal spatial pattern
112662,249302.0,,829726.0,S,9.0,SINGAPORE,SINGAPORE,,926202285.0,926202285.0,1.41517,103.90349,1.4152,103.90352,213C,,PONGGOL SEVENTEENTH AVE,PONGGOL SEVENTEENTH AVE,N,5013,0.008436,103.9103,1.42022,True,103.90352,1.4152,0.002043,0.000559,2999,0.094295,False,False,True,True,-1,55.00%,Medium,INCORRECT,Spatial clustering outlier
92317,218262.0,,498935.0,S,9.0,SINGAPORE,SINGAPORE,,116150311.0,116150310.0,1.35909,103.97532,1.35905,103.9755,118R,,TANAH MERAH BESAR LN,TANAH MERAH BESAR LN,N,1878,0.000219,103.9753,1.35896,True,103.9755,1.35905,0.004665,0.004248,2999,0.128608,True,True,False,True,6,85.00%,Very High,INCORRECT,Far from streets; Isolated from other POIs
82853,127121.0,,18981.0,S,8.0,SINGAPORE,SINGAPORE,,966595725.0,966595725.0,1.28017,103.85411,1.27994,103.85408,8,MARINA BAY FINANCIAL CENTRE,MARINA BLVD,MARINA BLVD,N,689,0.001933,103.85258,1.28116,True,103.85408,1.27994,0.005051,0.001252,2999,0.058922,True,True,False,True,0,90.00%,Very High,INCORRECT,Isolated from other POIs
82609,231239.0,,805200.0,S,8.0,SINGAPORE,SINGAPORE,,947411967.0,947411967.0,1.38019,103.87344,1.38013,103.87344,6,,SELETAR GREEN VW,SELETAR GREEN VW,N,1842,0.004205,103.8695,1.3816,True,103.87344,1.38013,0.0003,0.003236,2999,0.048429,True,True,False,True,5,85.00%,Very High,INCORRECT,Far from streets
68426,238194.0,,680679.0,S,8.0,SINGAPORE,SINGAPORE,,929855037.0,929855037.0,1.40284,103.74468,1.40291,103.74433,679,,CHOA CHU KANG CRES,CHOA CHU KANG CRES,Y,459,0.003072,103.7446,1.39985,True,103.74433,1.40291,0.004022,0.000181,2999,0.122446,False,True,True,False,-1,50.00%,Medium,INCORRECT,Isolated from other POIs; Spatial clustering outlier
51767,194589.0,,588388.0,S,8.0,SINGAPORE,SINGAPORE,,895526404.0,895526404.0,1.34093,103.77958,1.34112,103.7795,84,MAYFAIR PARK,RIFLE RANGE RD,RIFLE RANGE RD,N,3298,0.001742,103.7778,1.3415,True,103.7795,1.34112,0.003053,0.001118,2999,0.069074,False,True,False,True,0,45.00%,Medium,INCORRECT,Normal spatial pattern
53660,205105.0,,520122.0,S,8.0,SINGAPORE,SINGAPORE,,900826815.0,900826815.0,1.34548,103.95237,1.34533,103.95248,122,,SIMEI ST 1,SIMEI ST 1,Y,894,0.003172,103.95113,1.3482,True,103.95248,1.34533,0.004313,0.000802,2999,0.104169,False,True,False,True,0,45.00%,Medium,INCORRECT,Isolated from other POIs
1026,180467.0,,619255.0,S,8.0,SINGAPORE,SINGAPORE,,116130754.0,116130754.0,1.32684,103.71548,1.3268,103.71549,18,HUP LECK HEAVY EQUIPMENT SERVICES,JALAN TUKANG,JALAN TUKANG,N,203,0.00068,103.7161,1.3265,True,103.71549,1.3268,0.001585,0.003232,2999,0.133561,True,True,False,False,4,60.00%,Medium,INCORRECT,Far from streets
116753,242703.0,,541121.0,S,9.0,SINGAPORE,SINGAPORE,,940100811.0,940100761.0,1.3867,103.90508,1.38629,103.90463,121A,,RIVERVALE DR,RIVERVALE DR,Y,5650,0.003447,103.9052,1.38969,True,103.90463,1.38629,0.005252,0.00034,2999,0.073632,True,True,True,False,-1,95.00%,Very High,INCORRECT,Isolated from other POIs; Spatial clustering outlier
37287,192596.0,,319263.0,S,8.0,SINGAPORE,SINGAPORE,,717438562.0,717438562.0,1.33804,103.85974,1.33804,103.85972,25,,LOR 8 TOA PAYOH,LOR 8 TOA PAYOH,N,5596,0.003089,103.8567,1.33869,True,103.85972,1.33804,0.004701,0.000684,2999,0.011206,True,True,False,True,26,70.00%,High,INCORRECT,Isolated from other POIs
56085,188257.0,,637442.0,S,8.0,SINGAPORE,SINGAPORE,,902168608.0,902168608.0,1.33195,103.63514,1.33198,103.63517,6,STARBURST,TUAS WEST ST,TUAS WEST ST,N,236,0.0091,103.6376,1.32321,True,103.63517,1.33198,0.005689,0.003861,2999,0.213461,True,True,True,False,-1,110.00%,Very High,INCORRECT,Far from streets; Isolated from other POIs; Spatial clustering outlier
99816,237422.0,,688251.0,S,9.0,SINGAPORE,SINGAPORE,,834182565.0,834182565.0,1.39905,103.7433,1.39905,103.7432,95B,,CHOA CHU KANG WAY,CHOA CHU KANG WAY,N,-1,-1.0,-1.0,-1.0,True,103.7432,1.39905,0.004022,0.000304,2999,0.121442,False,True,True,False,-1,50.00%,Medium,INCORRECT,Isolated from other POIs; Spatial clustering outlier
33357,189497.0,,599485.0,S,8.0,SINGAPORE,SINGAPORE,,116158582.0,116158582.0,1.33036,103.77723,1.33022,103.77716,497,ROSEDALE,CLEMENTI RD,CLEMENTI RD,N,3228,0.002394,103.7764,1.32795,True,103.77716,1.33022,0.004855,0.000502,2999,0.071859,True,True,True,True,-1,100.00%,Very High,INCORRECT,Isolated from other POIs; Spatial clustering outlier
46782,160570.0,,339204.0,S,8.0,SINGAPORE,SINGAPORE,,857913956.0,857913956.0,1.31409,103.86671,1.31432,103.86663,150,,KALLANG PL,KALLANG PL,N,2162,0.001003,103.866,1.31354,True,103.86663,1.31432,0.003634,0.00042,2999,0.030285,False,True,False,True,0,45.00%,Medium,INCORRECT,Isolated from other POIs
26160,132051.0,,628379.0,S,8.0,SINGAPORE,SINGAPORE,,116147333.0,116147333.0,1.30071,103.66379,1.30042,103.66358,19,UNI-DRIVE SYSTEMS,PIONEER SECTOR 2,PIONEER SECTOR 2,N,6047,0.006163,103.6684,1.29658,True,103.66358,1.30042,0.011177,0.000416,2999,0.188848,True,True,True,True,-1,120.00%,Very High,INCORRECT,Isolated from other POIs; Spatial clustering outlier
52992,172619.0,,600056.0,S,8.0,SINGAPORE,SINGAPORE,,897555153.0,897555154.0,1.32226,103.7371,1.32233,103.73728,56,,TEBAN GARDENS RD,TEBAN GARDENS RD,Y,4018,0.001334,103.7383,1.32319,True,103.73728,1.32233,0.006389,0.000774,2999,0.112432,True,True,True,True,-1,120.00%,Very High,INCORRECT,Isolated from other POIs; Spatial clustering outlier
102633,161595.0,,637512.0,S,9.0,SINGAPORE,SINGAPORE,,866655284.0,866655284.0,1.31365,103.62739,1.31362,103.62742,67R,,TUAS SOUTH AVE 1,TUAS SOUTH AVE 1,N,4565,0.007328,103.633,1.31837,True,103.62742,1.31362,0.001655,0.00106,2999,0.222515,True,True,False,False,28,45.00%,Medium,INCORRECT,Normal spatial pattern
114394,199180.0,,470624.0,S,9.0,SINGAPORE,SINGAPORE,,939100930.0,939095319.0,1.3343,103.91638,1.33436,103.91658,624,,BEDOK RESERVOIR RD,BEDOK RESERVOIR RD,Y,5296,0.001615,103.91645,1.33275,True,103.91658,1.33436,0.004576,0.001322,2999,0.068184,True,True,False,False,0,45.00%,Medium,INCORRECT,Isolated from other POIs
52100,192700.0,,588618.0,S,8.0,SINGAPORE,SINGAPORE,,895529277.0,895529277.0,1.33878,103.789,1.33878,103.789,42,,JALAN KG CHANTEK,JALAN KG CHANTEK,N,-1,-1.0,-1.0,-1.0,True,103.789,1.33878,0.001244,0.00271,2999,0.059528,True,True,False,False,0,60.00%,Medium,INCORRECT,Far from streets
25985,135879.0,,637599.0,S,8.0,SINGAPORE,SINGAPORE,,116146885.0,116146885.0,1.29445,103.63243,1.29411,103.63313,6,EPEC,TUAS VIEW CIRT,TUAS VIEW CIRT,N,2335,0.002428,103.6315,1.29231,True,103.63313,1.29411,0.00842,0.001991,2999,0.219945,True,True,True,False,-1,110.00%,Very High,INCORRECT,Far from streets; Isolated from other POIs; Spatial clustering outlier
63099,213739.0,,550333.0,S,8.0,SINGAPORE,SINGAPORE,,923956530.0,923956530.0,1.35056,103.87055,1.35068,103.87051,333,,SERANGOON AVE 3,SERANGOON AVE 3,Y,2581,0.002429,103.8682,1.35143,True,103.87051,1.35068,0.003097,0.001191,2999,0.025082,False,True,False,True,0,45.00%,Medium,INCORRECT,Normal spatial pattern
112320,231652.0,,519325.0,S,9.0,SINGAPORE,SINGAPORE,,925414441.0,925414442.0,1.3821,103.92685,1.38257,103.92798,22,SWIFT SINGAPORE,PASIR RIS FARMWAY 2,PASIR RIS FARMWAY 2,N,5114,0.003145,103.9252,1.38404,True,103.92798,1.38257,0.000438,0.00018,2999,0.090807,False,False,True,True,-1,55.00%,Medium,INCORRECT,Spatial clustering outlier
90953,165527.0,,598001.0,S,9.0,SINGAPORE,SINGAPORE,,116144621.0,897559380.0,1.31818,103.77544,1.31876,103.77314,1J,PINE GROVE,PINE GRV,PINE GRV,N,2112,0.003395,103.776,1.32059,True,103.77314,1.31876,0.003969,0.001581,2999,0.077955,False,True,True,True,-1,75.00%,High,INCORRECT,Isolated from other POIs; Spatial clustering outlier
187,125041.0,,79213.0,S,7.0,SINGAPORE,SINGAPORE,,762651565.0,1037022641.0,1.27354,103.8507,1.27377,103.8502,20,FINGER PIER BUILDING,PRINCE EDWARD RD,PRINCE EDWARD RD,N,-1,-1.0,-1.0,-1.0,True,103.8502,1.27377,0.005479,0.001496,2999,0.064852,True,True,True,True,-1,120.00%,Very High,INCORRECT,Isolated from other POIs; Spatial clustering outlier
83294,185637.0,,629823.0,S,8.0,SINGAPORE,SINGAPORE,,984600223.0,984600223.0,1.33265,103.707,1.33308,103.70717,11,PAR INVESTMENTS,ENTERPRISE RD,ENTERPRISE RD,N,2968,0.005364,103.7097,1.32835,True,103.70717,1.33308,0.003167,0.002639,2999,0.141466,True,True,False,False,4,60.00%,Medium,INCORRECT,Far from streets
108772,196054.0,,638260.0,S,9.0,SINGAPORE,SINGAPORE,,914436474.0,914436473.0,1.338,103.69117,1.33782,103.69129,30,YUNNAN GARDENS,YUNNAN DR 1,YUNNAN DR 1,N,764,0.003207,103.6927,1.3407,True,103.69129,1.33782,0.000546,0.000122,2999,0.15724,True,True,False,False,4,45.00%,Medium,INCORRECT,Normal spatial pattern
115363,247926.0,,738781.0,S,9.0,SINGAPORE,SINGAPORE,,939789945.0,939789945.0,1.43407,103.766,1.43427,103.7658,1030,,WOODLANDS IND PARK D ST 2,WOODLANDS IND PARK D ST 2,Y,-1,-1.0,-1.0,-1.0,True,103.7658,1.43427,0.003527,0.003524,2999,0.126478,True,True,True,False,-1,90.00%,Very High,INCORRECT,Far from streets; Spatial clustering outlier
